village_lgd_code,district_lgd_code,taluk_lgd_code,village_name_en,elevation_mean_m,slope_mean_deg,historical_rainfall_7d_p95_mm,conditional_strict_linked_event_count,elevation_mean_minmax,slope_mean_minmax,terrain_component,rainfall_7d_p95_minmax,conditional_event_evidence_minmax,experimental_hazard_index_0_100,rainfall_feature_source,terrain_feature_source,event_evidence_source,event_evidence_qualification,index_method_version
635080,587,5754,Erumad 1,877.0114432508174,9.360799427978488,266.98159325122833,0,0.29201884183262095,0.24731844011965726,0.2696686409761391,1.0,0.0,49.43840243416487,"data/processed/village_time_features.csv; 2017, 2019, 2022, 2023, 2024 IMD rainfall_7d_mm",data/processed/terrain_features_villages.csv,data/processed/event_village_linkage.csv,conditional strict-containment count; not a validated positive label or absence-based negative,phase_8_experimental_v1
635081,587,5754,Moonnad 1,918.82086055098,10.995077646297071,266.98159325122833,0,0.31359628070640744,0.3093247205227701,0.31146050061458874,1.0,0.0,50.901117521510606,"data/processed/village_time_features.csv; 2017, 2019, 2022, 2023, 2024 IMD rainfall_7d_mm",data/processed/terrain_features_villages.csv,data/processed/event_village_linkage.csv,conditional strict-containment count; not a validated positive label or absence-based negative,phase_8_experimental_v1
635082,587,5754,Nelliyalam 1,1006.583104870166,13.027235590646864,116.15345704555511,9,0.3588895324307311,0.38642698738796005,0.37265825990934554,0.11309098231101786,0.6121942524106966,32.87153469953522,"data/processed/village_time_features.csv; 2017, 2019, 2022, 2023, 2024 IMD rainfall_7d_mm",data/processed/terrain_features_villages.csv,data/processed/event_village_linkage.csv,conditional strict-containment count; not a validated positive label or absence-based negative,phase_8_experimental_v1
635083,587,5754,Cherangode1,875.976949873059,13.726031268889123,266.98159325122833,11,0.2914849497321005,0.4129400500255766,0.3522124998788385,1.0,0.6606685561397696,68.84415139925359,"data/processed/village_time_features.csv; 2017, 2019, 2022, 2023, 2024 IMD rainfall_7d_mm",data/processed/terrain_features_villages.csv,data/processed/event_village_linkage.csv,conditional strict-containment count; not a validated positive label or absence-based negative,phase_8_experimental_v1
635084,587,5755,Nellakotta,967.7674836569036,10.363532108403792,116.15345704555511,0,0.3388571629752025,0.28536320083107725,0.3121101819031399,0.11309098231101786,0.0,15.447495659050608,"data/processed/village_time_features.csv; 2017, 2019, 2022, 2023, 2024 IMD rainfall_7d_mm",data/processed/terrain_features_villages.csv,data/processed/event_village_linkage.csv,conditional strict-containment count; not a validated positive label or absence-based negative,phase_8_experimental_v1
635085,587,5755,Mudumalai,970.4264698807932,7.193822563595803,116.15345704555511,0,0.3402294402375311,0.16510099784216498,0.25266521903984807,0.11309098231101786,0.0,13.366921958835398,"data/processed/village_time_features.csv; 2017, 2019, 2022, 2023, 2024 IMD rainfall_7d_mm",data/processed/terrain_features_villages.csv,data/processed/event_village_linkage.csv,conditional strict-containment count; not a validated positive label or absence-based negative,phase_8_experimental_v1
635086,587,5755,Sreemadurai,948.8644919512818,9.25829846864063,116.15345704555511,0,0.32910151043569297,0.2434294430351643,0.2862654767354286,0.11309098231101786,0.0,14.542930978180719,"data/processed/village_time_features.csv; 2017, 2019, 2022, 2023, 2024 IMD rainfall_7d_mm",data/processed/terrain_features_villages.csv,data/processed/event_village_linkage.csv,conditional strict-containment count; not a validated positive label or absence-based negative,phase_8_experimental_v1
635087,587,5756,Masinagudi,958.3762080316924,10.3087112835496,116.15345704555511,0,0.3340104157867626,0.28328323953701057,0.30864682766188656,0.11309098231101786,0.0,15.326278260606744,"data/processed/village_time_features.csv; 2017, 2019, 2022, 2023, 2024 IMD rainfall_7d_mm",data/processed/terrain_features_villages.csv,data/processed/event_village_linkage.csv,conditional strict-containment count; not a validated positive label or absence-based negative,phase_8_experimental_v1
635088,587,5756,Kadanad 1,1008.208968757728,12.43981989945518,121.25839281082153,0,0.3597286251738588,0.36413980173440963,0.36193421345413423,0.14310934412889392,0.0,18.392071236050455,"data/processed/village_time_features.csv; 2017, 2019, 2022, 2023, 2024 IMD rainfall_7d_mm",data/processed/terrain_features_villages.csv,data/processed/event_village_linkage.csv,conditional strict-containment count; not a validated positive label or absence-based negative,phase_8_experimental_v1
635089,587,5756,Ebbanad 1,1168.0683621033727,15.582018509464726,121.25839281082153,2,0.44223052333599433,0.483358210148969,0.46279436674248164,0.14310934412889392,0.29209088984235726,29.224448847201543,"data/processed/village_time_features.csv; 2017, 2019, 2022, 2023, 2024 IMD rainfall_7d_mm",data/processed/terrain_features_villages.csv,data/processed/event_village_linkage.csv,conditional strict-containment count; not a validated positive label or absence-based negative,phase_8_experimental_v1
635090,587,5756,Kookal,1352.4056024269134,19.11431824399961,121.25839281082153,0,0.5373652033217932,0.6173774764846319,0.5773713399032125,0.14310934412889392,0.0,25.932370661768196,"data/processed/village_time_features.csv; 2017, 2019, 2022, 2023, 2024 IMD rainfall_7d_mm",data/processed/terrain_features_villages.csv,data/processed/event_village_linkage.csv,conditional strict-containment count; not a validated positive label or absence-based negative,phase_8_experimental_v1
635091,587,5756,Kagguchi 1,1956.3675547624907,15.570589929682535,121.25839281082153,10,0.8490641685346616,0.4829245974907076,0.6659943830126847,0.14310934412889392,0.6375346163564075,44.972542579509906,"data/processed/village_time_features.csv; 2017, 2019, 2022, 2023, 2024 IMD rainfall_7d_mm",data/processed/terrain_features_villages.csv,data/processed/event_village_linkage.csv,conditional strict-containment count; not a validated positive label or absence-based negative,phase_8_experimental_v1
635092,587,5756,Thuneri,1956.8888199400144,16.38849918184268,121.25839281082153,4,0.8493331884883314,0.5139569577493669,0.6816450731188491,0.14310934412889392,0.4279054192619903,40.27958680586523,"data/processed/village_time_features.csv; 2017, 2019, 2022, 2023, 2024 IMD rainfall_7d_mm",data/processed/terrain_features_villages.csv,data/processed/event_village_linkage.csv,conditional strict-containment count; not a validated positive label or absence-based negative,phase_8_experimental_v1
635093,587,5756,Hullathy,1887.551768627029,16.26241332396422,121.25839281082153,4,0.8135490019818927,0.5091731241457335,0.6613610630638131,0.14310934412889392,0.4279054192619903,39.56964645393898,"data/processed/village_time_features.csv; 2017, 2019, 2022, 2023, 2024 IMD rainfall_7d_mm",data/processed/terrain_features_villages.csv,data/processed/event_village_linkage.csv,conditional strict-containment count; not a validated positive label or absence-based negative,phase_8_experimental_v1
635094,587,5756,Nanjand1,2206.6053549089133,13.820478283019677,116.15345704555511,35,0.9782094947611824,0.4165234717317296,0.697366483246456,0.11309098231101786,0.9527594459821268,52.750452355619835,"data/processed/village_time_features.csv; 2017, 2019, 2022, 2023, 2024 IMD rainfall_7d_mm",data/processed/terrain_features_villages.csv,data/processed/event_village_linkage.csv,conditional strict-containment count; not a validated positive label or absence-based negative,phase_8_experimental_v1
635095,587,5756,Udhagai - Rural,2248.827619193388,14.461524077496495,121.25839281082153,2,1.0,0.440845441417198,0.720422720708599,0.14310934412889392,0.29209088984235726,38.24144123601565,"data/processed/village_time_features.csv; 2017, 2019, 2022, 2023, 2024 IMD rainfall_7d_mm",data/processed/terrain_features_villages.csv,data/processed/event_village_linkage.csv,conditional strict-containment count; not a validated positive label or absence-based negative,phase_8_experimental_v1
635096,587,5756,Thummanatty 1,2160.7532083755486,16.878805574211366,121.25839281082153,10,0.9545456421427022,0.5325597117406246,0.7435526769416634,0.14310934412889392,0.6375346163564075,47.68708286702416,"data/processed/village_time_features.csv; 2017, 2019, 2022, 2023, 2024 IMD rainfall_7d_mm",data/processed/terrain_features_villages.csv,data/processed/event_village_linkage.csv,conditional strict-containment count; not a validated positive label or absence-based negative,phase_8_experimental_v1
635097,587,5757,Hallimoyar,685.2125576036866,18.995670305993222,96.92115503549576,0,0.19303327833147071,0.6128758455928953,0.40295456196218304,0.0,0.0,14.103409668676406,"data/processed/village_time_features.csv; 2017, 2019, 2022, 2023, 2024 IMD rainfall_7d_mm",data/processed/terrain_features_villages.csv,data/processed/event_village_linkage.csv,conditional strict-containment count; not a validated positive label or absence-based negative,phase_8_experimental_v1
635098,587,5757,Kallampalayam,311.1825842696629,2.8423123158924413,96.92115503549576,0,0.0,0.0,0.0,0.0,0.0,0.0,"data/processed/village_time_features.csv; 2017, 2019, 2022, 2023, 2024 IMD rainfall_7d_mm",data/processed/terrain_features_villages.csv,data/processed/event_village_linkage.csv,conditional strict-containment count; not a validated positive label or absence-based negative,phase_8_experimental_v1
635099,587,5757,Kodanad,1776.6664168332222,19.27806282825781,96.92115503549576,2,0.7563221364852556,0.6235901228334594,0.6899561296593575,0.0,0.29209088984235726,31.450736784136442,"data/processed/village_time_features.csv; 2017, 2019, 2022, 2023, 2024 IMD rainfall_7d_mm",data/processed/terrain_features_villages.csv,data/processed/event_village_linkage.csv,conditional strict-containment count; not a validated positive label or absence-based negative,phase_8_experimental_v1
635100,587,5757,Nedugula-I,1857.393796289128,16.71201137212214,121.25839281082153,3,0.7979847619924522,0.5262313595981121,0.6621080607952821,0.14310934412889392,0.36857766629741234,38.11259755042594,"data/processed/village_time_features.csv; 2017, 2019, 2022, 2023, 2024 IMD rainfall_7d_mm",data/processed/terrain_features_villages.csv,data/processed/event_village_linkage.csv,conditional strict-containment count; not a validated positive label or absence-based negative,phase_8_experimental_v1
635101,587,5757,Denad-I,1757.251668617341,16.490544083230045,96.92115503549576,2,0.7463023713239626,0.5178286515027372,0.6320655114133499,0.0,0.29209088984235726,29.424565145526177,"data/processed/village_time_features.csv; 2017, 2019, 2022, 2023, 2024 IMD rainfall_7d_mm",data/processed/terrain_features_villages.csv,data/processed/event_village_linkage.csv,conditional strict-containment count; not a validated positive label or absence-based negative,phase_8_experimental_v1
635102,587,5757,Nandhipuram,1309.2286986439992,24.843672926769724,96.92115503549576,0,0.5150820178029276,0.8347553800794275,0.6749186989411775,0.0,0.0,23.62215446294121,"data/processed/village_time_features.csv; 2017, 2019, 2022, 2023, 2024 IMD rainfall_7d_mm",data/processed/terrain_features_villages.csv,data/processed/event_village_linkage.csv,conditional strict-containment count; not a validated positive label or absence-based negative,phase_8_experimental_v1
635103,587,5757,Aracode,1209.415198369891,23.28072842417058,96.92115503549576,0,0.4635692285793651,0.7754555778815044,0.6195124032304348,0.0,0.0,21.682934113065215,"data/processed/village_time_features.csv; 2017, 2019, 2022, 2023, 2024 IMD rainfall_7d_mm",data/processed/terrain_features_villages.csv,data/processed/event_village_linkage.csv,conditional strict-containment count; not a validated positive label or absence-based negative,phase_8_experimental_v1
635104,587,5757,Kokodu,953.6471306471308,18.694654748319607,96.92115503549576,0,0.33156978435049556,0.6014549902785459,0.4665123873145207,0.0,0.0,16.327933556008222,"data/processed/village_time_features.csv; 2017, 2019, 2022, 2023, 2024 IMD rainfall_7d_mm",data/processed/terrain_features_villages.csv,data/processed/event_village_linkage.csv,conditional strict-containment count; not a validated positive label or absence-based negative,phase_8_experimental_v1
635105,587,5757,Kadinamala,1313.7578271759548,20.795125795440807,96.92115503549576,0,0.5174194575559905,0.6811491300318224,0.5992842937939065,0.0,0.0,20.974950282786725,"data/processed/village_time_features.csv; 2017, 2019, 2022, 2023, 2024 IMD rainfall_7d_mm",data/processed/terrain_features_villages.csv,data/processed/event_village_linkage.csv,conditional strict-containment count; not a validated positive label or absence-based negative,phase_8_experimental_v1
635106,587,5757,Kengarai 1,1298.3913673500847,21.222161349352604,96.92115503549576,0,0.509488975166849,0.6973513200880517,0.6034201476274503,0.0,0.0,21.119705166960763,"data/processed/village_time_features.csv; 2017, 2019, 2022, 2023, 2024 IMD rainfall_7d_mm",data/processed/terrain_features_villages.csv,data/processed/event_village_linkage.csv,conditional strict-containment count; not a validated positive label or absence-based negative,phase_8_experimental_v1
635107,587,5757,Konavakorai-I,1412.620267283581,18.659399683887056,96.92115503549576,15,0.5684414137583648,0.6001173750632591,0.584279394410812,0.0,0.7371553325948247,38.878662119249036,"data/processed/village_time_features.csv; 2017, 2019, 2022, 2023, 2024 IMD rainfall_7d_mm",data/processed/terrain_features_villages.csv,data/processed/event_village_linkage.csv,conditional strict-containment count; not a validated positive label or absence-based negative,phase_8_experimental_v1
635108,587,5757,Naduhatty-1,1907.7534350141343,17.419044612486775,121.25839281082153,15,0.8239748880564806,0.5530569642381078,0.6885159261472942,0.14310934412889392,0.7371553325948247,48.25131449518166,"data/processed/village_time_features.csv; 2017, 2019, 2022, 2023, 2024 IMD rainfall_7d_mm",data/processed/terrain_features_villages.csv,data/processed/event_village_linkage.csv,conditional strict-containment count; not a validated positive label or absence-based negative,phase_8_experimental_v1
635109,587,5757,Kotagiri -1,1643.2280768139249,15.707966405077196,121.25839281082153,2,0.6874558902873031,0.4881368093152503,0.5877963498012767,0.14310934412889392,0.29209088984235726,33.59951825425937,"data/processed/village_time_features.csv; 2017, 2019, 2022, 2023, 2024 IMD rainfall_7d_mm",data/processed/terrain_features_villages.csv,data/processed/event_village_linkage.csv,conditional strict-containment count; not a validated positive label or absence-based negative,phase_8_experimental_v1
635110,587,5757,Jackanarai,1204.5480971929435,26.55553482814376,188.54495108127594,22,0.4610573643889567,0.8997052691975804,0.6803813167932686,0.5387719625275194,0.8336419545576258,66.20527345280583,"data/processed/village_time_features.csv; 2017, 2019, 2022, 2023, 2024 IMD rainfall_7d_mm",data/processed/terrain_features_villages.csv,data/processed/event_village_linkage.csv,conditional strict-containment count; not a validated positive label or absence-based negative,phase_8_experimental_v1
635111,587,5758,Yedapally,1756.603471842537,22.082229087510903,104.94122713804245,5,0.7459678431915538,0.7299832188309612,0.7379755310112575,0.0471601284031311,0.4763797229910634,39.62504179629584,"data/processed/village_time_features.csv; 2017, 2019, 2022, 2023, 2024 IMD rainfall_7d_mm",data/processed/terrain_features_villages.csv,data/processed/event_village_linkage.csv,conditional strict-containment count; not a validated positive label or absence-based negative,phase_8_experimental_v1
635112,587,5758,Burliar,1133.6636862551643,29.19896857222449,104.94122713804245,41,0.4244746004357182,1.0,0.7122373002178591,0.0471601284031311,0.9937438858113363,51.65830778903372,"data/processed/village_time_features.csv; 2017, 2019, 2022, 2023, 2024 IMD rainfall_7d_mm",data/processed/terrain_features_villages.csv,data/processed/event_village_linkage.csv,conditional strict-containment count; not a validated positive label or absence-based negative,phase_8_experimental_v1
635113,587,5758,Coonoor Rural,1695.9290168502057,21.74019239762628,121.25839281082153,36,0.7146543394802202,0.7170059774632346,0.7158301584717274,0.14310934412889392,0.9600440820943593,54.77953136402519,"data/processed/village_time_features.csv; 2017, 2019, 2022, 2023, 2024 IMD rainfall_7d_mm",data/processed/terrain_features_villages.csv,data/processed/event_village_linkage.csv,conditional strict-containment count; not a validated positive label or absence-based negative,phase_8_experimental_v1
635114,587,5758,Melur 1,1500.767135675719,20.649320629665077,104.94122713804245,1,0.6139331662741231,0.6756171245923729,0.644775145433248,0.0471601284031311,0.18428883314870617,29.060756055006575,"data/processed/village_time_features.csv; 2017, 2019, 2022, 2023, 2024 IMD rainfall_7d_mm",data/processed/terrain_features_villages.csv,data/processed/event_village_linkage.csv,conditional strict-containment count; not a validated positive label or absence-based negative,phase_8_experimental_v1
635117,587,5759,Ithalar 1,2035.9217326837531,15.995207860567715,104.94122713804245,42,0.8901213159932487,0.4990350603186002,0.6945781881559244,0.0471601284031311,1.0,51.1966417215826,"data/processed/village_time_features.csv; 2017, 2019, 2022, 2023, 2024 IMD rainfall_7d_mm",data/processed/terrain_features_villages.csv,data/processed/event_village_linkage.csv,conditional strict-containment count; not a validated positive label or absence-based negative,phase_8_experimental_v1
635118,587,5759,Mulligoor,2227.997147631363,17.180916147728308,109.5746515095234,31,0.9892495936115333,0.5440221131385394,0.7666358533750364,0.07440587950253236,0.9214441657435309,52.844594191815844,"data/processed/village_time_features.csv; 2017, 2019, 2022, 2023, 2024 IMD rainfall_7d_mm",data/processed/terrain_features_villages.csv,data/processed/event_village_linkage.csv,conditional strict-containment count; not a validated positive label or absence-based negative,phase_8_experimental_v1
635119,587,5759,Balacola-1,1874.670351008215,18.947129469295785,104.94122713804245,27,0.8069010260179562,0.6110341538310363,0.7089675899244963,0.0471601284031311,0.8859418291176852,48.848816511424744,"data/processed/village_time_features.csv; 2017, 2019, 2022, 2023, 2024 IMD rainfall_7d_mm",data/processed/terrain_features_villages.csv,data/processed/event_village_linkage.csv,conditional strict-containment count; not a validated positive label or absence-based negative,phase_8_experimental_v1
635120,587,5759,Mel-Kundah,1991.9930031250865,23.284147838218068,109.5746515095234,15,0.8674501204094838,0.7755853141429723,0.821517717276228,0.07440587950253236,0.7371553325948247,50.158238599639894,"data/processed/village_time_features.csv; 2017, 2019, 2022, 2023, 2024 IMD rainfall_7d_mm",data/processed/terrain_features_villages.csv,data/processed/event_village_linkage.csv,conditional strict-containment count; not a validated positive label or absence-based negative,phase_8_experimental_v1
635121,587,5759,Kinnakorai,1607.4081450653982,27.16847668636226,104.94122713804245,3,0.6689695674041563,0.9229609451929467,0.7959652562985515,0.0471601284031311,0.36857766629741234,38.95963076400986,"data/processed/village_time_features.csv; 2017, 2019, 2022, 2023, 2024 IMD rainfall_7d_mm",data/processed/terrain_features_villages.csv,data/processed/event_village_linkage.csv,conditional strict-containment count; not a validated positive label or absence-based negative,phase_8_experimental_v1
