village_lgd_code,district_lgd_code,taluk_lgd_code,village_name_en,elevation_mean_m,elevation_min_m,elevation_max_m,slope_mean_deg,slope_max_deg,rainfall_7d_p95_mm,rainfall_3d_p95_mm,rainfall_1d_max_mm,rainfall_annual_mean_mm,elevation_range_m,conditional_strict_linked_event_count,experimental_hazard_index_0_100,taluk_name_en,mean_flow_accumulation_cells,max_flow_accumulation_cells,high_flow_area_fraction,drainage_density_km_per_km2,label_s,pu_status,terrain_feature_source,rainfall_feature_source,event_evidence_source,hydrology_feature_source,boundary_source
635080,587,5754,Erumad 1,877.0114432508174,817.0,959.0,9.360799427978488,29.677366049639964,266.98159325122833,115.07342529296876,233.34532165527344,2831.1814022921026,142.0,0,49.43840243416487,Pandalur,255.8891575587581,50263,0.0217944997904375,0.896529409492129,0,UNLABELED,data/processed/terrain_features_villages.csv (SRTM 30m DEM),"data/processed/village_time_features.csv (IMD 0.25deg gridded 2017,2019,2022-2024)",data/processed/event_village_linkage.csv (GSI/NLFC National Inventory),data/processed/hydrology/village_hydrology_features.csv (SRTM-derived; exact LGD join),data/raw/admin/vb_soi_tn.kmz (40 exact LGD polygon matches)
635081,587,5754,Moonnad 1,918.82086055098,859.0,1005.0,10.995077646297071,35.58599692808123,266.98159325122833,115.07342529296876,233.34532165527344,2831.1814022921026,146.0,0,50.901117521510606,Pandalur,417.16624321911695,94980,0.0165487880244455,0.6710863349104111,0,UNLABELED,data/processed/terrain_features_villages.csv (SRTM 30m DEM),"data/processed/village_time_features.csv (IMD 0.25deg gridded 2017,2019,2022-2024)",data/processed/event_village_linkage.csv (GSI/NLFC National Inventory),data/processed/hydrology/village_hydrology_features.csv (SRTM-derived; exact LGD join),data/raw/admin/vb_soi_tn.kmz (40 exact LGD polygon matches)
635082,587,5754,Nelliyalam 1,1006.583104870166,887.0,1518.0,13.027235590646864,57.744095755403066,116.15345704555511,58.03638969361782,155.74169921875,1734.4247455224395,631.0,9,32.87153469953522,Pandalur,115.68570259149952,65245,0.0174489993752827,0.7014986504932078,1,POSITIVE,data/processed/terrain_features_villages.csv (SRTM 30m DEM),"data/processed/village_time_features.csv (IMD 0.25deg gridded 2017,2019,2022-2024)",data/processed/event_village_linkage.csv (GSI/NLFC National Inventory),data/processed/hydrology/village_hydrology_features.csv (SRTM-derived; exact LGD join),data/raw/admin/vb_soi_tn.kmz (40 exact LGD polygon matches)
635083,587,5754,Cherangode1,875.976949873059,282.0,1184.0,13.726031268889123,61.46913145795974,266.98159325122833,115.07342529296876,233.34532165527344,2831.1814022921026,902.0,11,68.84415139925359,Pandalur,223.959591692262,70805,0.0200157568422374,0.8078154309103562,1,POSITIVE,data/processed/terrain_features_villages.csv (SRTM 30m DEM),"data/processed/village_time_features.csv (IMD 0.25deg gridded 2017,2019,2022-2024)",data/processed/event_village_linkage.csv (GSI/NLFC National Inventory),data/processed/hydrology/village_hydrology_features.csv (SRTM-derived; exact LGD join),data/raw/admin/vb_soi_tn.kmz (40 exact LGD polygon matches)
635084,587,5755,Nellakotta,967.7674836569036,878.0,1143.0,10.363532108403792,37.48939746230644,116.15345704555511,58.03638969361782,155.74169921875,1734.4247455224395,265.0,0,15.447495659050608,Gudalur,256.9971914405808,42526,0.0184944593045471,0.7449509647660779,0,UNLABELED,data/processed/terrain_features_villages.csv (SRTM 30m DEM),"data/processed/village_time_features.csv (IMD 0.25deg gridded 2017,2019,2022-2024)",data/processed/event_village_linkage.csv (GSI/NLFC National Inventory),data/processed/hydrology/village_hydrology_features.csv (SRTM-derived; exact LGD join),data/raw/admin/vb_soi_tn.kmz (40 exact LGD polygon matches)
635085,587,5755,Mudumalai,970.4264698807932,644.0,1188.0,7.193822563595803,64.17885153884704,116.15345704555511,58.03638969361782,155.74169921875,1734.4247455224395,544.0,0,13.366921958835398,Gudalur,848.3831244941813,389415,0.0208932176113266,0.8376598268601938,0,UNLABELED,data/processed/terrain_features_villages.csv (SRTM 30m DEM),"data/processed/village_time_features.csv (IMD 0.25deg gridded 2017,2019,2022-2024)",data/processed/event_village_linkage.csv (GSI/NLFC National Inventory),data/processed/hydrology/village_hydrology_features.csv (SRTM-derived; exact LGD join),data/raw/admin/vb_soi_tn.kmz (40 exact LGD polygon matches)
635086,587,5755,Sreemadurai,948.8644919512818,899.0,1016.0,9.25829846864063,29.929002988695306,116.15345704555511,58.03638969361782,155.74169921875,1734.4247455224395,117.0,0,14.54293097818072,Gudalur,682.2934881040586,60806,0.0232979336461677,0.9391414599471808,0,UNLABELED,data/processed/terrain_features_villages.csv (SRTM 30m DEM),"data/processed/village_time_features.csv (IMD 0.25deg gridded 2017,2019,2022-2024)",data/processed/event_village_linkage.csv (GSI/NLFC National Inventory),data/processed/hydrology/village_hydrology_features.csv (SRTM-derived; exact LGD join),data/raw/admin/vb_soi_tn.kmz (40 exact LGD polygon matches)
635087,587,5756,Masinagudi,958.3762080316924,465.0,1836.0,10.3087112835496,68.0435153444781,116.15345704555511,58.03638969361782,155.74169921875,1734.4247455224395,1371.0,0,15.326278260606744,Udhagai,1839.690858786169,590279,0.0195376920036526,0.7696230257788838,0,UNLABELED,data/processed/terrain_features_villages.csv (SRTM 30m DEM),"data/processed/village_time_features.csv (IMD 0.25deg gridded 2017,2019,2022-2024)",data/processed/event_village_linkage.csv (GSI/NLFC National Inventory),data/processed/hydrology/village_hydrology_features.csv (SRTM-derived; exact LGD join),data/raw/admin/vb_soi_tn.kmz (40 exact LGD polygon matches)
635088,587,5756,Kadanad 1,1008.208968757728,391.0,2250.0,12.43981989945518,75.04206426634038,121.25839281082153,61.9717201590538,131.3484344482422,1691.8154097765685,1859.0,0,18.39207123605045,Udhagai,2558.5296218228705,942762,0.0209551127432871,0.8314174156070411,0,UNLABELED,data/processed/terrain_features_villages.csv (SRTM 30m DEM),"data/processed/village_time_features.csv (IMD 0.25deg gridded 2017,2019,2022-2024)",data/processed/event_village_linkage.csv (GSI/NLFC National Inventory),data/processed/hydrology/village_hydrology_features.csv (SRTM-derived; exact LGD join),data/raw/admin/vb_soi_tn.kmz (40 exact LGD polygon matches)
635089,587,5756,Ebbanad 1,1168.0683621033727,410.0,2171.0,15.582018509464726,72.87174777561279,121.25839281082153,61.9717201590538,131.3484344482422,1691.8154097765685,1761.0,2,29.224448847201543,Udhagai,609.4184821267105,187097,0.022846464524685,0.90337370351513,1,POSITIVE,data/processed/terrain_features_villages.csv (SRTM 30m DEM),"data/processed/village_time_features.csv (IMD 0.25deg gridded 2017,2019,2022-2024)",data/processed/event_village_linkage.csv (GSI/NLFC National Inventory),data/processed/hydrology/village_hydrology_features.csv (SRTM-derived; exact LGD join),data/raw/admin/vb_soi_tn.kmz (40 exact LGD polygon matches)
635090,587,5756,Kookal,1352.4056024269134,428.0,2175.0,19.11431824399961,66.36775222344295,121.25839281082153,61.9717201590538,131.3484344482422,1691.8154097765685,1747.0,0,25.9323706617682,Udhagai,508.7149001939256,96045,0.0221775075456016,0.8829926189358819,0,UNLABELED,data/processed/terrain_features_villages.csv (SRTM 30m DEM),"data/processed/village_time_features.csv (IMD 0.25deg gridded 2017,2019,2022-2024)",data/processed/event_village_linkage.csv (GSI/NLFC National Inventory),data/processed/hydrology/village_hydrology_features.csv (SRTM-derived; exact LGD join),data/raw/admin/vb_soi_tn.kmz (40 exact LGD polygon matches)
635091,587,5756,Kagguchi 1,1956.3675547624907,1554.0,2489.0,15.570589929682535,56.45316156183734,121.25839281082153,61.9717201590538,131.3484344482422,1691.8154097765685,935.0,10,44.97254257950991,Udhagai,125.90684670751294,23254,0.0168639581226577,0.6656175695655813,1,POSITIVE,data/processed/terrain_features_villages.csv (SRTM 30m DEM),"data/processed/village_time_features.csv (IMD 0.25deg gridded 2017,2019,2022-2024)",data/processed/event_village_linkage.csv (GSI/NLFC National Inventory),data/processed/hydrology/village_hydrology_features.csv (SRTM-derived; exact LGD join),data/raw/admin/vb_soi_tn.kmz (40 exact LGD polygon matches)
635092,587,5756,Thuneri,1956.8888199400144,1704.0,2384.0,16.38849918184268,50.24973638900375,121.25839281082153,61.9717201590538,131.3484344482422,1691.8154097765685,680.0,4,40.27958680586523,Udhagai,134.67911231069127,10957,0.0215924426450742,0.8632918827970262,1,POSITIVE,data/processed/terrain_features_villages.csv (SRTM 30m DEM),"data/processed/village_time_features.csv (IMD 0.25deg gridded 2017,2019,2022-2024)",data/processed/event_village_linkage.csv (GSI/NLFC National Inventory),data/processed/hydrology/village_hydrology_features.csv (SRTM-derived; exact LGD join),data/raw/admin/vb_soi_tn.kmz (40 exact LGD polygon matches)
635093,587,5756,Hullathy,1887.551768627029,935.0,2323.0,16.26241332396422,59.77550384446742,121.25839281082153,61.9717201590538,131.3484344482422,1691.8154097765685,1388.0,4,39.56964645393898,Udhagai,258.42153707740755,76291,0.0197584691511817,0.8052914906496639,1,POSITIVE,data/processed/terrain_features_villages.csv (SRTM 30m DEM),"data/processed/village_time_features.csv (IMD 0.25deg gridded 2017,2019,2022-2024)",data/processed/event_village_linkage.csv (GSI/NLFC National Inventory),data/processed/hydrology/village_hydrology_features.csv (SRTM-derived; exact LGD join),data/raw/admin/vb_soi_tn.kmz (40 exact LGD polygon matches)
635094,587,5756,Nanjand1,2206.6053549089133,1694.0,2574.0,13.820478283019677,75.01516421595615,116.15345704555511,58.03638969361782,155.74169921875,1734.4247455224395,880.0,35,52.75045235561984,Udhagai,139.21090922097432,44348,0.0168610057944058,0.6784838662846352,1,POSITIVE,data/processed/terrain_features_villages.csv (SRTM 30m DEM),"data/processed/village_time_features.csv (IMD 0.25deg gridded 2017,2019,2022-2024)",data/processed/event_village_linkage.csv (GSI/NLFC National Inventory),data/processed/hydrology/village_hydrology_features.csv (SRTM-derived; exact LGD join),data/raw/admin/vb_soi_tn.kmz (40 exact LGD polygon matches)
635095,587,5756,Udhagai - Rural,2248.827619193388,2005.0,2634.0,14.461524077496495,53.658645056787016,121.25839281082153,61.9717201590538,131.3484344482422,1691.8154097765685,629.0,2,38.24144123601565,Udhagai,164.50711671411142,23945,0.0146770675440866,0.5806058482319536,1,POSITIVE,data/processed/terrain_features_villages.csv (SRTM 30m DEM),"data/processed/village_time_features.csv (IMD 0.25deg gridded 2017,2019,2022-2024)",data/processed/event_village_linkage.csv (GSI/NLFC National Inventory),data/processed/hydrology/village_hydrology_features.csv (SRTM-derived; exact LGD join),data/raw/admin/vb_soi_tn.kmz (40 exact LGD polygon matches)
635096,587,5756,Thummanatty 1,2160.7532083755486,1917.0,2491.0,16.878805574211366,57.00450002220994,121.25839281082153,61.9717201590538,131.3484344482422,1691.8154097765685,574.0,10,47.68708286702416,Udhagai,108.24146928125892,22090,0.0200986587304822,0.8005456758266503,1,POSITIVE,data/processed/terrain_features_villages.csv (SRTM 30m DEM),"data/processed/village_time_features.csv (IMD 0.25deg gridded 2017,2019,2022-2024)",data/processed/event_village_linkage.csv (GSI/NLFC National Inventory),data/processed/hydrology/village_hydrology_features.csv (SRTM-derived; exact LGD join),data/raw/admin/vb_soi_tn.kmz (40 exact LGD polygon matches)
635097,587,5757,Hallimoyar,685.2125576036866,291.0,1873.0,18.995670305993222,79.58956679007406,96.92115503549576,47.425384908914566,111.22907257080078,1267.035819894448,1582.0,0,14.103409668676406,Kotagiri,4378.285854480208,1623858,0.0230546706214068,0.9104582961836316,0,UNLABELED,data/processed/terrain_features_villages.csv (SRTM 30m DEM),"data/processed/village_time_features.csv (IMD 0.25deg gridded 2017,2019,2022-2024)",data/processed/event_village_linkage.csv (GSI/NLFC National Inventory),data/processed/hydrology/village_hydrology_features.csv (SRTM-derived; exact LGD join),data/raw/admin/vb_soi_tn.kmz (40 exact LGD polygon matches)
635098,587,5757,Kallampalayam,311.1825842696629,301.0,322.0,2.8423123158924413,10.1521084505481,96.92115503549576,47.425384908914566,111.22907257080078,1267.035819894448,21.0,0,0.0,Kotagiri,4023.413043478261,54920,0.0733695652173913,2.8583649625094245,0,UNLABELED,data/processed/terrain_features_villages.csv (SRTM 30m DEM),"data/processed/village_time_features.csv (IMD 0.25deg gridded 2017,2019,2022-2024)",data/processed/event_village_linkage.csv (GSI/NLFC National Inventory),data/processed/hydrology/village_hydrology_features.csv (SRTM-derived; exact LGD join),data/raw/admin/vb_soi_tn.kmz (40 exact LGD polygon matches)
635099,587,5757,Kodanad,1776.6664168332222,1153.0,2079.0,19.27806282825781,73.1617380801026,96.92115503549576,47.425384908914566,111.22907257080078,1267.035819894448,926.0,2,31.45073678413644,Kotagiri,154.69248517693774,31995,0.0184584015238912,0.7323366205295136,1,POSITIVE,data/processed/terrain_features_villages.csv (SRTM 30m DEM),"data/processed/village_time_features.csv (IMD 0.25deg gridded 2017,2019,2022-2024)",data/processed/event_village_linkage.csv (GSI/NLFC National Inventory),data/processed/hydrology/village_hydrology_features.csv (SRTM-derived; exact LGD join),data/raw/admin/vb_soi_tn.kmz (40 exact LGD polygon matches)
635100,587,5757,Nedugula-I,1857.393796289128,1380.0,2098.0,16.71201137212214,58.183986928643066,121.25839281082153,61.9717201590538,131.3484344482422,1691.8154097765685,718.0,3,38.11259755042594,Kotagiri,93.12945048369404,14618,0.0170788870050862,0.6863407227210292,1,POSITIVE,data/processed/terrain_features_villages.csv (SRTM 30m DEM),"data/processed/village_time_features.csv (IMD 0.25deg gridded 2017,2019,2022-2024)",data/processed/event_village_linkage.csv (GSI/NLFC National Inventory),data/processed/hydrology/village_hydrology_features.csv (SRTM-derived; exact LGD join),data/raw/admin/vb_soi_tn.kmz (40 exact LGD polygon matches)
635101,587,5757,Denad-I,1757.251668617341,1160.0,2124.0,16.490544083230045,61.15165954154308,96.92115503549576,47.425384908914566,111.22907257080078,1267.035819894448,964.0,2,29.424565145526177,Kotagiri,68.79698903716371,11572,0.0138638653922496,0.5405520328593917,1,POSITIVE,data/processed/terrain_features_villages.csv (SRTM 30m DEM),"data/processed/village_time_features.csv (IMD 0.25deg gridded 2017,2019,2022-2024)",data/processed/event_village_linkage.csv (GSI/NLFC National Inventory),data/processed/hydrology/village_hydrology_features.csv (SRTM-derived; exact LGD join),data/raw/admin/vb_soi_tn.kmz (40 exact LGD polygon matches)
635102,587,5757,Nandhipuram,1309.2286986439992,701.0,1668.0,24.843672926769724,61.84562249232509,96.92115503549576,47.425384908914566,111.22907257080078,1267.035819894448,967.0,0,23.62215446294121,Kotagiri,72.05930710510863,5595,0.0142885104717165,0.5897890625671686,0,UNLABELED,data/processed/terrain_features_villages.csv (SRTM 30m DEM),"data/processed/village_time_features.csv (IMD 0.25deg gridded 2017,2019,2022-2024)",data/processed/event_village_linkage.csv (GSI/NLFC National Inventory),data/processed/hydrology/village_hydrology_features.csv (SRTM-derived; exact LGD join),data/raw/admin/vb_soi_tn.kmz (40 exact LGD polygon matches)
635103,587,5757,Aracode,1209.415198369891,769.0,1782.0,23.28072842417058,64.20039531193117,96.92115503549576,47.425384908914566,111.22907257080078,1267.035819894448,1013.0,0,21.682934113065212,Kotagiri,53.74916039374638,8357,0.0114649681528662,0.4653121221517113,0,UNLABELED,data/processed/terrain_features_villages.csv (SRTM 30m DEM),"data/processed/village_time_features.csv (IMD 0.25deg gridded 2017,2019,2022-2024)",data/processed/event_village_linkage.csv (GSI/NLFC National Inventory),data/processed/hydrology/village_hydrology_features.csv (SRTM-derived; exact LGD join),data/raw/admin/vb_soi_tn.kmz (40 exact LGD polygon matches)
635104,587,5757,Kokodu,953.6471306471308,839.0,1072.0,18.694654748319607,36.75309044593754,96.92115503549576,47.425384908914566,111.22907257080078,1267.035819894448,233.0,0,16.327933556008222,Kotagiri,32.80399061032864,1181,0.0011737089201877,0.0553291691069286,0,UNLABELED,data/processed/terrain_features_villages.csv (SRTM 30m DEM),"data/processed/village_time_features.csv (IMD 0.25deg gridded 2017,2019,2022-2024)",data/processed/event_village_linkage.csv (GSI/NLFC National Inventory),data/processed/hydrology/village_hydrology_features.csv (SRTM-derived; exact LGD join),data/raw/admin/vb_soi_tn.kmz (40 exact LGD polygon matches)
635105,587,5757,Kadinamala,1313.7578271759548,901.0,1680.0,20.795125795440807,63.68286802420194,96.92115503549576,47.425384908914566,111.22907257080078,1267.035819894448,779.0,0,20.974950282786725,Kotagiri,70.06732223903177,11590,0.0172465960665658,0.6835053214493233,0,UNLABELED,data/processed/terrain_features_villages.csv (SRTM 30m DEM),"data/processed/village_time_features.csv (IMD 0.25deg gridded 2017,2019,2022-2024)",data/processed/event_village_linkage.csv (GSI/NLFC National Inventory),data/processed/hydrology/village_hydrology_features.csv (SRTM-derived; exact LGD join),data/raw/admin/vb_soi_tn.kmz (40 exact LGD polygon matches)
635106,587,5757,Kengarai 1,1298.3913673500847,339.0,1981.0,21.222161349352604,78.06817839385165,96.92115503549576,47.425384908914566,111.22907257080078,1267.035819894448,1642.0,0,21.119705166960763,Kotagiri,174.4534655234012,92417,0.0185482910563296,0.7128231504761731,0,UNLABELED,data/processed/terrain_features_villages.csv (SRTM 30m DEM),"data/processed/village_time_features.csv (IMD 0.25deg gridded 2017,2019,2022-2024)",data/processed/event_village_linkage.csv (GSI/NLFC National Inventory),data/processed/hydrology/village_hydrology_features.csv (SRTM-derived; exact LGD join),data/raw/admin/vb_soi_tn.kmz (40 exact LGD polygon matches)
635107,587,5757,Konavakorai-I,1412.620267283581,395.0,1997.0,18.659399683887056,71.10465248583938,96.92115503549576,47.425384908914566,111.22907257080078,1267.035819894448,1602.0,15,38.87866211924904,Kotagiri,294.996127744511,68859,0.0230938123752495,0.9073137509142866,1,POSITIVE,data/processed/terrain_features_villages.csv (SRTM 30m DEM),"data/processed/village_time_features.csv (IMD 0.25deg gridded 2017,2019,2022-2024)",data/processed/event_village_linkage.csv (GSI/NLFC National Inventory),data/processed/hydrology/village_hydrology_features.csv (SRTM-derived; exact LGD join),data/raw/admin/vb_soi_tn.kmz (40 exact LGD polygon matches)
635108,587,5757,Naduhatty-1,1907.7534350141343,1512.0,2240.0,17.419044612486775,58.657708869816005,121.25839281082153,61.9717201590538,131.3484344482422,1691.8154097765685,728.0,15,48.25131449518166,Kotagiri,141.87466666666666,26901,0.0236190476190476,0.9398373753500908,1,POSITIVE,data/processed/terrain_features_villages.csv (SRTM 30m DEM),"data/processed/village_time_features.csv (IMD 0.25deg gridded 2017,2019,2022-2024)",data/processed/event_village_linkage.csv (GSI/NLFC National Inventory),data/processed/hydrology/village_hydrology_features.csv (SRTM-derived; exact LGD join),data/raw/admin/vb_soi_tn.kmz (40 exact LGD polygon matches)
635109,587,5757,Kotagiri -1,1643.2280768139249,1248.0,1877.0,15.707966405077196,58.370961545248015,121.25839281082153,61.9717201590538,131.3484344482422,1691.8154097765685,629.0,2,33.59951825425937,Kotagiri,335.51087751371114,42091,0.0158135283363802,0.641966587982789,1,POSITIVE,data/processed/terrain_features_villages.csv (SRTM 30m DEM),"data/processed/village_time_features.csv (IMD 0.25deg gridded 2017,2019,2022-2024)",data/processed/event_village_linkage.csv (GSI/NLFC National Inventory),data/processed/hydrology/village_hydrology_features.csv (SRTM-derived; exact LGD join),data/raw/admin/vb_soi_tn.kmz (40 exact LGD polygon matches)
635110,587,5757,Jackanarai,1204.5480971929435,539.0,1776.0,26.55553482814376,71.30677563031644,188.54495108127594,84.89961370453238,312.4863586425781,1977.5867171496152,1237.0,22,66.20527345280583,Kotagiri,355.5538403816262,60221,0.0141501849171892,0.5508582143858799,1,POSITIVE,data/processed/terrain_features_villages.csv (SRTM 30m DEM),"data/processed/village_time_features.csv (IMD 0.25deg gridded 2017,2019,2022-2024)",data/processed/event_village_linkage.csv (GSI/NLFC National Inventory),data/processed/hydrology/village_hydrology_features.csv (SRTM-derived; exact LGD join),data/raw/admin/vb_soi_tn.kmz (40 exact LGD polygon matches)
635111,587,5758,Yedapally,1756.603471842537,997.0,2119.0,22.082229087510903,76.62066654109869,104.94122713804245,48.02582228183746,240.5126953125,1428.6806292949245,1122.0,5,39.62504179629584,Coonoor,46.19178986272439,6660,0.0097676874340021,0.3829977438171084,1,POSITIVE,data/processed/terrain_features_villages.csv (SRTM 30m DEM),"data/processed/village_time_features.csv (IMD 0.25deg gridded 2017,2019,2022-2024)",data/processed/event_village_linkage.csv (GSI/NLFC National Inventory),data/processed/hydrology/village_hydrology_features.csv (SRTM-derived; exact LGD join),data/raw/admin/vb_soi_tn.kmz (40 exact LGD polygon matches)
635112,587,5758,Burliar,1133.6636862551643,512.0,1972.0,29.19896857222449,78.46535530045936,104.94122713804245,48.02582228183746,240.5126953125,1428.6806292949245,1460.0,41,51.65830778903372,Coonoor,823.363983076098,138873,0.0196055062272808,0.7670609054039025,1,POSITIVE,data/processed/terrain_features_villages.csv (SRTM 30m DEM),"data/processed/village_time_features.csv (IMD 0.25deg gridded 2017,2019,2022-2024)",data/processed/event_village_linkage.csv (GSI/NLFC National Inventory),data/processed/hydrology/village_hydrology_features.csv (SRTM-derived; exact LGD join),data/raw/admin/vb_soi_tn.kmz (40 exact LGD polygon matches)
635113,587,5758,Coonoor Rural,1695.9290168502057,971.0,2108.0,21.74019239762628,70.43683722846973,121.25839281082153,61.9717201590538,131.3484344482422,1691.8154097765685,1137.0,36,54.77953136402519,Coonoor,910.9906386252884,118042,0.0226981277250577,0.8699224929121907,1,POSITIVE,data/processed/terrain_features_villages.csv (SRTM 30m DEM),"data/processed/village_time_features.csv (IMD 0.25deg gridded 2017,2019,2022-2024)",data/processed/event_village_linkage.csv (GSI/NLFC National Inventory),data/processed/hydrology/village_hydrology_features.csv (SRTM-derived; exact LGD join),data/raw/admin/vb_soi_tn.kmz (40 exact LGD polygon matches)
635114,587,5758,Melur 1,1500.767135675719,698.0,1958.0,20.649320629665077,77.21734061412208,104.94122713804245,48.02582228183746,240.5126953125,1428.6806292949245,1260.0,1,29.06075605500657,Coonoor,657.4029072604463,224909,0.0143051596168169,0.5619430147584918,1,POSITIVE,data/processed/terrain_features_villages.csv (SRTM 30m DEM),"data/processed/village_time_features.csv (IMD 0.25deg gridded 2017,2019,2022-2024)",data/processed/event_village_linkage.csv (GSI/NLFC National Inventory),data/processed/hydrology/village_hydrology_features.csv (SRTM-derived; exact LGD join),data/raw/admin/vb_soi_tn.kmz (40 exact LGD polygon matches)
635117,587,5759,Ithalar 1,2035.9217326837531,1817.0,2276.0,15.995207860567715,46.37747036318738,104.94122713804245,48.02582228183746,240.5126953125,1428.6806292949245,459.0,42,51.1966417215826,Kundah,982.7048414592568,155373,0.0236617797476986,0.9412492262858072,1,POSITIVE,data/processed/terrain_features_villages.csv (SRTM 30m DEM),"data/processed/village_time_features.csv (IMD 0.25deg gridded 2017,2019,2022-2024)",data/processed/event_village_linkage.csv (GSI/NLFC National Inventory),data/processed/hydrology/village_hydrology_features.csv (SRTM-derived; exact LGD join),data/raw/admin/vb_soi_tn.kmz (40 exact LGD polygon matches)
635118,587,5759,Mulligoor,2227.997147631363,1336.0,2625.0,17.180916147728308,73.26058569083052,109.5746515095234,58.942647099494934,139.58917236328125,1711.5698212984366,1289.0,31,52.84459419181584,Kundah,151.62304197672984,42110,0.0184804506023105,0.7413962375654821,1,POSITIVE,data/processed/terrain_features_villages.csv (SRTM 30m DEM),"data/processed/village_time_features.csv (IMD 0.25deg gridded 2017,2019,2022-2024)",data/processed/event_village_linkage.csv (GSI/NLFC National Inventory),data/processed/hydrology/village_hydrology_features.csv (SRTM-derived; exact LGD join),data/raw/admin/vb_soi_tn.kmz (40 exact LGD polygon matches)
635119,587,5759,Balacola-1,1874.670351008215,1105.0,2264.0,18.947129469295785,76.71701491577612,104.94122713804245,48.02582228183746,240.5126953125,1428.6806292949245,1159.0,27,48.84881651142474,Kundah,1071.7801500288515,205960,0.0191863819965377,0.7494931171523113,1,POSITIVE,data/processed/terrain_features_villages.csv (SRTM 30m DEM),"data/processed/village_time_features.csv (IMD 0.25deg gridded 2017,2019,2022-2024)",data/processed/event_village_linkage.csv (GSI/NLFC National Inventory),data/processed/hydrology/village_hydrology_features.csv (SRTM-derived; exact LGD join),data/raw/admin/vb_soi_tn.kmz (40 exact LGD polygon matches)
635120,587,5759,Mel-Kundah,1991.9930031250865,1266.0,2421.0,23.284147838218068,74.53346010099155,109.5746515095234,58.942647099494934,139.58917236328125,1711.5698212984366,1155.0,15,50.15823859963989,Kundah,105.65677184919976,26248,0.0145616800705373,0.5798297770482195,1,POSITIVE,data/processed/terrain_features_villages.csv (SRTM 30m DEM),"data/processed/village_time_features.csv (IMD 0.25deg gridded 2017,2019,2022-2024)",data/processed/event_village_linkage.csv (GSI/NLFC National Inventory),data/processed/hydrology/village_hydrology_features.csv (SRTM-derived; exact LGD join),data/raw/admin/vb_soi_tn.kmz (40 exact LGD polygon matches)
635121,587,5759,Kinnakorai,1607.4081450653982,1057.0,2093.0,27.16847668636226,72.21925896613841,104.94122713804245,48.02582228183746,240.5126953125,1428.6806292949245,1036.0,3,38.95963076400986,Kundah,59.16904539912501,11656,0.0147027182098544,0.574262241033046,1,POSITIVE,data/processed/terrain_features_villages.csv (SRTM 30m DEM),"data/processed/village_time_features.csv (IMD 0.25deg gridded 2017,2019,2022-2024)",data/processed/event_village_linkage.csv (GSI/NLFC National Inventory),data/processed/hydrology/village_hydrology_features.csv (SRTM-derived; exact LGD join),data/raw/admin/vb_soi_tn.kmz (40 exact LGD polygon matches)
