village_lgd_code,taluk_name_en,village_name_en,pu_status,conditional_strict_linked_event_count,ml_loto_oof_score_0_100,baseline_susceptibility_0_100,baseline_tier,ml_susceptibility_0_100,experimental_hazard_index_0_100,mean_flow_accumulation_cells,max_flow_accumulation_cells,high_flow_area_fraction,drainage_density_km_per_km2
635080,Pandalur,Erumad 1,UNLABELED,0,7.01,15.25,LOW,15.25,49.43840243416487,255.8891575587581,50263,0.0217944997904375,0.896529409492129
635081,Pandalur,Moonnad 1,UNLABELED,0,7.01,15.25,LOW,15.25,50.901117521510606,417.16624321911695,94980,0.0165487880244455,0.6710863349104111
635082,Pandalur,Nelliyalam 1,POSITIVE,9,6.82,55.98,MEDIUM,55.98,32.87153469953522,115.68570259149952,65245,0.0174489993752827,0.7014986504932078
635083,Pandalur,Cherangode1,POSITIVE,11,7.01,71.14,HIGH,71.14,68.84415139925359,223.959591692262,70805,0.0200157568422374,0.8078154309103562
635084,Gudalur,Nellakotta,UNLABELED,0,18.96,8.49,LOW,8.49,15.447495659050608,256.9971914405808,42526,0.0184944593045471,0.7449509647660779
635085,Gudalur,Mudumalai,UNLABELED,0,14.88,8.49,LOW,8.49,13.366921958835398,848.3831244941813,389415,0.0208932176113266,0.8376598268601938
635086,Gudalur,Sreemadurai,UNLABELED,0,12.42,8.49,LOW,8.49,14.54293097818072,682.2934881040586,60806,0.0232979336461677,0.9391414599471808
635087,Udhagai,Masinagudi,UNLABELED,0,42.46,8.49,LOW,8.49,15.326278260606744,1839.690858786169,590279,0.0195376920036526,0.7696230257788838
635088,Udhagai,Kadanad 1,UNLABELED,0,63.08,12.62,LOW,12.62,18.39207123605045,2558.5296218228705,942762,0.0209551127432871,0.8314174156070411
635089,Udhagai,Ebbanad 1,POSITIVE,2,63.08,56.43,MEDIUM,56.43,29.224448847201543,609.4184821267105,187097,0.022846464524685,0.90337370351513
635090,Udhagai,Kookal,UNLABELED,0,41.31,30.91,MEDIUM,30.91,25.9323706617682,508.7149001939256,96045,0.0221775075456016,0.8829926189358819
635091,Udhagai,Kagguchi 1,POSITIVE,10,93.37,93.71,HIGH,93.71,44.97254257950991,125.90684670751294,23254,0.0168639581226577,0.6656175695655813
635092,Udhagai,Thuneri,POSITIVE,4,93.37,93.37,HIGH,93.37,40.27958680586523,134.67911231069127,10957,0.0215924426450742,0.8632918827970262
635093,Udhagai,Hullathy,POSITIVE,4,93.37,93.71,HIGH,93.71,39.56964645393898,258.42153707740755,76291,0.0197584691511817,0.8052914906496639
635094,Udhagai,Nanjand1,POSITIVE,35,93.37,93.71,HIGH,93.71,52.75045235561984,139.21090922097432,44348,0.0168610057944058,0.6784838662846352
635095,Udhagai,Udhagai - Rural,POSITIVE,2,93.37,93.71,HIGH,93.71,38.24144123601565,164.50711671411142,23945,0.0146770675440866,0.5806058482319536
635096,Udhagai,Thummanatty 1,POSITIVE,10,90.89,93.37,HIGH,93.37,47.68708286702416,108.24146928125892,22090,0.0200986587304822,0.8005456758266503
635097,Kotagiri,Hallimoyar,UNLABELED,0,56.15,15.34,LOW,15.34,14.103409668676406,4378.285854480208,1623858,0.0230546706214068,0.9104582961836316
635098,Kotagiri,Kallampalayam,UNLABELED,0,7.18,8.1,LOW,8.1,0.0,4023.413043478261,54920,0.0733695652173913,2.8583649625094245
635099,Kotagiri,Kodanad,POSITIVE,2,90.53,92.36,HIGH,92.36,31.45073678413644,154.69248517693774,31995,0.0184584015238912,0.7323366205295136
635100,Kotagiri,Nedugula-I,POSITIVE,3,92.98,93.71,HIGH,93.71,38.11259755042594,93.12945048369404,14618,0.0170788870050862,0.6863407227210292
635101,Kotagiri,Denad-I,POSITIVE,2,92.98,92.36,HIGH,92.36,29.424565145526177,68.79698903716371,11572,0.0138638653922496,0.5405520328593917
635102,Kotagiri,Nandhipuram,UNLABELED,0,86.21,10.57,LOW,10.57,23.62215446294121,72.05930710510863,5595,0.0142885104717165,0.5897890625671686
635103,Kotagiri,Aracode,UNLABELED,0,86.21,10.57,LOW,10.57,21.682934113065212,53.74916039374638,8357,0.0114649681528662,0.4653121221517113
635104,Kotagiri,Kokodu,UNLABELED,0,90.21,13.78,LOW,13.78,16.327933556008222,32.80399061032864,1181,0.0011737089201877,0.0553291691069286
635105,Kotagiri,Kadinamala,UNLABELED,0,86.21,10.57,LOW,10.57,20.974950282786725,70.06732223903177,11590,0.0172465960665658,0.6835053214493233
635106,Kotagiri,Kengarai 1,UNLABELED,0,68.91,11.81,LOW,11.81,21.119705166960763,174.4534655234012,92417,0.0185482910563296,0.7128231504761731
635107,Kotagiri,Konavakorai-I,POSITIVE,15,52.0,92.36,HIGH,92.36,38.87866211924904,294.996127744511,68859,0.0230938123752495,0.9073137509142866
635108,Kotagiri,Naduhatty-1,POSITIVE,15,81.46,93.37,HIGH,93.37,48.25131449518166,141.87466666666666,26901,0.0236190476190476,0.9398373753500908
635109,Kotagiri,Kotagiri -1,POSITIVE,2,92.98,93.71,HIGH,93.71,33.59951825425937,335.51087751371114,42091,0.0158135283363802,0.641966587982789
635110,Kotagiri,Jackanarai,POSITIVE,22,86.92,72.64,HIGH,72.64,66.20527345280583,355.5538403816262,60221,0.0141501849171892,0.5508582143858799
635111,Coonoor,Yedapally,POSITIVE,5,93.01,93.4,HIGH,93.4,39.62504179629584,46.19178986272439,6660,0.0097676874340021,0.3829977438171084
635112,Coonoor,Burliar,POSITIVE,41,55.73,72.64,HIGH,72.64,51.65830778903372,823.363983076098,138873,0.0196055062272808,0.7670609054039025
635113,Coonoor,Coonoor Rural,POSITIVE,36,93.01,93.05,HIGH,93.05,54.77953136402519,910.9906386252884,118042,0.0226981277250577,0.8699224929121907
635114,Coonoor,Melur 1,POSITIVE,1,93.01,93.4,HIGH,93.4,29.06075605500657,657.4029072604463,224909,0.0143051596168169,0.5619430147584918
635117,Kundah,Ithalar 1,POSITIVE,42,93.16,93.37,HIGH,93.37,51.1966417215826,982.7048414592568,155373,0.0236617797476986,0.9412492262858072
635118,Kundah,Mulligoor,POSITIVE,31,93.16,93.71,HIGH,93.71,52.84459419181584,151.62304197672984,42110,0.0184804506023105,0.7413962375654821
635119,Kundah,Balacola-1,POSITIVE,27,91.2,93.71,HIGH,93.71,48.84881651142474,1071.7801500288515,205960,0.0191863819965377,0.7494931171523113
635120,Kundah,Mel-Kundah,POSITIVE,15,91.2,93.4,HIGH,93.4,50.15823859963989,105.65677184919976,26248,0.0145616800705373,0.5798297770482195
635121,Kundah,Kinnakorai,POSITIVE,3,91.2,93.4,HIGH,93.4,38.95963076400986,59.16904539912501,11656,0.0147027182098544,0.574262241033046
