scenario_key,scenario_name,rainfall_factor,output_classification,baseline_output_classification,village_lgd_code,taluk_name_en,village_name_en,pu_status,elevation_mean_m,slope_mean_deg,baseline_rainfall_7d_p95_mm,scenario_rainfall_7d_p95_mm,baseline_susceptibility_0_100,baseline_tier,scenario_susceptibility_0_100,susceptibility_delta,scenario_tier,scenario_rainfall_annual_mean_mm,governance_classification
moderate,Moderate / Normal Monsoon,0.7,SCENARIO_ADJUSTED_MODELED_RISK,BASELINE_MODELED_SUSCEPTIBILITY,635080,Pandalur,Erumad 1,UNLABELED,877.0,9.4,267.0,186.9,15.25,LOW,8.49,-6.76,LOW,2831.2,DEMONSTRATION_SCENARIO_NOT_LIVE_WARNING
moderate,Moderate / Normal Monsoon,0.7,SCENARIO_ADJUSTED_MODELED_RISK,BASELINE_MODELED_SUSCEPTIBILITY,635081,Pandalur,Moonnad 1,UNLABELED,918.8,11.0,267.0,186.9,15.25,LOW,8.49,-6.76,LOW,2831.2,DEMONSTRATION_SCENARIO_NOT_LIVE_WARNING
moderate,Moderate / Normal Monsoon,0.7,SCENARIO_ADJUSTED_MODELED_RISK,BASELINE_MODELED_SUSCEPTIBILITY,635082,Pandalur,Nelliyalam 1,POSITIVE,1006.6,13.0,116.2,81.3,55.98,MEDIUM,16.55,-39.43,LOW,1734.4,DEMONSTRATION_SCENARIO_NOT_LIVE_WARNING
moderate,Moderate / Normal Monsoon,0.7,SCENARIO_ADJUSTED_MODELED_RISK,BASELINE_MODELED_SUSCEPTIBILITY,635083,Pandalur,Cherangode1,POSITIVE,876.0,13.7,267.0,186.9,71.14,HIGH,55.98,-15.16,MEDIUM,2831.2,DEMONSTRATION_SCENARIO_NOT_LIVE_WARNING
moderate,Moderate / Normal Monsoon,0.7,SCENARIO_ADJUSTED_MODELED_RISK,BASELINE_MODELED_SUSCEPTIBILITY,635084,Gudalur,Nellakotta,UNLABELED,967.8,10.4,116.2,81.3,8.49,LOW,8.1,-0.39,LOW,1734.4,DEMONSTRATION_SCENARIO_NOT_LIVE_WARNING
moderate,Moderate / Normal Monsoon,0.7,SCENARIO_ADJUSTED_MODELED_RISK,BASELINE_MODELED_SUSCEPTIBILITY,635085,Gudalur,Mudumalai,UNLABELED,970.4,7.2,116.2,81.3,8.49,LOW,8.1,-0.39,LOW,1734.4,DEMONSTRATION_SCENARIO_NOT_LIVE_WARNING
moderate,Moderate / Normal Monsoon,0.7,SCENARIO_ADJUSTED_MODELED_RISK,BASELINE_MODELED_SUSCEPTIBILITY,635086,Gudalur,Sreemadurai,UNLABELED,948.9,9.3,116.2,81.3,8.49,LOW,8.1,-0.39,LOW,1734.4,DEMONSTRATION_SCENARIO_NOT_LIVE_WARNING
moderate,Moderate / Normal Monsoon,0.7,SCENARIO_ADJUSTED_MODELED_RISK,BASELINE_MODELED_SUSCEPTIBILITY,635087,Udhagai,Masinagudi,UNLABELED,958.4,10.3,116.2,81.3,8.49,LOW,8.1,-0.39,LOW,1734.4,DEMONSTRATION_SCENARIO_NOT_LIVE_WARNING
moderate,Moderate / Normal Monsoon,0.7,SCENARIO_ADJUSTED_MODELED_RISK,BASELINE_MODELED_SUSCEPTIBILITY,635088,Udhagai,Kadanad 1,UNLABELED,1008.2,12.4,121.3,84.9,12.62,LOW,12.62,0.0,LOW,1691.8,DEMONSTRATION_SCENARIO_NOT_LIVE_WARNING
moderate,Moderate / Normal Monsoon,0.7,SCENARIO_ADJUSTED_MODELED_RISK,BASELINE_MODELED_SUSCEPTIBILITY,635089,Udhagai,Ebbanad 1,POSITIVE,1168.1,15.6,121.3,84.9,56.43,MEDIUM,18.35,-38.08,LOW,1691.8,DEMONSTRATION_SCENARIO_NOT_LIVE_WARNING
moderate,Moderate / Normal Monsoon,0.7,SCENARIO_ADJUSTED_MODELED_RISK,BASELINE_MODELED_SUSCEPTIBILITY,635090,Udhagai,Kookal,UNLABELED,1352.4,19.1,121.3,84.9,30.91,MEDIUM,7.56,-23.35,LOW,1691.8,DEMONSTRATION_SCENARIO_NOT_LIVE_WARNING
moderate,Moderate / Normal Monsoon,0.7,SCENARIO_ADJUSTED_MODELED_RISK,BASELINE_MODELED_SUSCEPTIBILITY,635091,Udhagai,Kagguchi 1,POSITIVE,1956.4,15.6,121.3,84.9,93.71,HIGH,92.36,-1.35,HIGH,1691.8,DEMONSTRATION_SCENARIO_NOT_LIVE_WARNING
moderate,Moderate / Normal Monsoon,0.7,SCENARIO_ADJUSTED_MODELED_RISK,BASELINE_MODELED_SUSCEPTIBILITY,635092,Udhagai,Thuneri,POSITIVE,1956.9,16.4,121.3,84.9,93.37,HIGH,92.36,-1.01,HIGH,1691.8,DEMONSTRATION_SCENARIO_NOT_LIVE_WARNING
moderate,Moderate / Normal Monsoon,0.7,SCENARIO_ADJUSTED_MODELED_RISK,BASELINE_MODELED_SUSCEPTIBILITY,635093,Udhagai,Hullathy,POSITIVE,1887.6,16.3,121.3,84.9,93.71,HIGH,92.36,-1.35,HIGH,1691.8,DEMONSTRATION_SCENARIO_NOT_LIVE_WARNING
moderate,Moderate / Normal Monsoon,0.7,SCENARIO_ADJUSTED_MODELED_RISK,BASELINE_MODELED_SUSCEPTIBILITY,635094,Udhagai,Nanjand1,POSITIVE,2206.6,13.8,116.2,81.3,93.71,HIGH,92.36,-1.35,HIGH,1734.4,DEMONSTRATION_SCENARIO_NOT_LIVE_WARNING
moderate,Moderate / Normal Monsoon,0.7,SCENARIO_ADJUSTED_MODELED_RISK,BASELINE_MODELED_SUSCEPTIBILITY,635095,Udhagai,Udhagai - Rural,POSITIVE,2248.8,14.5,121.3,84.9,93.71,HIGH,92.36,-1.35,HIGH,1691.8,DEMONSTRATION_SCENARIO_NOT_LIVE_WARNING
moderate,Moderate / Normal Monsoon,0.7,SCENARIO_ADJUSTED_MODELED_RISK,BASELINE_MODELED_SUSCEPTIBILITY,635096,Udhagai,Thummanatty 1,POSITIVE,2160.8,16.9,121.3,84.9,93.37,HIGH,92.36,-1.01,HIGH,1691.8,DEMONSTRATION_SCENARIO_NOT_LIVE_WARNING
moderate,Moderate / Normal Monsoon,0.7,SCENARIO_ADJUSTED_MODELED_RISK,BASELINE_MODELED_SUSCEPTIBILITY,635097,Kotagiri,Hallimoyar,UNLABELED,685.2,19.0,96.9,67.8,15.34,LOW,15.34,0.0,LOW,1267.0,DEMONSTRATION_SCENARIO_NOT_LIVE_WARNING
moderate,Moderate / Normal Monsoon,0.7,SCENARIO_ADJUSTED_MODELED_RISK,BASELINE_MODELED_SUSCEPTIBILITY,635098,Kotagiri,Kallampalayam,UNLABELED,311.2,2.8,96.9,67.8,8.1,LOW,8.1,0.0,LOW,1267.0,DEMONSTRATION_SCENARIO_NOT_LIVE_WARNING
moderate,Moderate / Normal Monsoon,0.7,SCENARIO_ADJUSTED_MODELED_RISK,BASELINE_MODELED_SUSCEPTIBILITY,635099,Kotagiri,Kodanad,POSITIVE,1776.7,19.3,96.9,67.8,92.36,HIGH,92.36,0.0,HIGH,1267.0,DEMONSTRATION_SCENARIO_NOT_LIVE_WARNING
moderate,Moderate / Normal Monsoon,0.7,SCENARIO_ADJUSTED_MODELED_RISK,BASELINE_MODELED_SUSCEPTIBILITY,635100,Kotagiri,Nedugula-I,POSITIVE,1857.4,16.7,121.3,84.9,93.71,HIGH,92.36,-1.35,HIGH,1691.8,DEMONSTRATION_SCENARIO_NOT_LIVE_WARNING
moderate,Moderate / Normal Monsoon,0.7,SCENARIO_ADJUSTED_MODELED_RISK,BASELINE_MODELED_SUSCEPTIBILITY,635101,Kotagiri,Denad-I,POSITIVE,1757.3,16.5,96.9,67.8,92.36,HIGH,92.36,0.0,HIGH,1267.0,DEMONSTRATION_SCENARIO_NOT_LIVE_WARNING
moderate,Moderate / Normal Monsoon,0.7,SCENARIO_ADJUSTED_MODELED_RISK,BASELINE_MODELED_SUSCEPTIBILITY,635102,Kotagiri,Nandhipuram,UNLABELED,1309.2,24.8,96.9,67.8,10.57,LOW,10.57,0.0,LOW,1267.0,DEMONSTRATION_SCENARIO_NOT_LIVE_WARNING
moderate,Moderate / Normal Monsoon,0.7,SCENARIO_ADJUSTED_MODELED_RISK,BASELINE_MODELED_SUSCEPTIBILITY,635103,Kotagiri,Aracode,UNLABELED,1209.4,23.3,96.9,67.8,10.57,LOW,10.57,0.0,LOW,1267.0,DEMONSTRATION_SCENARIO_NOT_LIVE_WARNING
moderate,Moderate / Normal Monsoon,0.7,SCENARIO_ADJUSTED_MODELED_RISK,BASELINE_MODELED_SUSCEPTIBILITY,635104,Kotagiri,Kokodu,UNLABELED,953.6,18.7,96.9,67.8,13.78,LOW,13.78,0.0,LOW,1267.0,DEMONSTRATION_SCENARIO_NOT_LIVE_WARNING
moderate,Moderate / Normal Monsoon,0.7,SCENARIO_ADJUSTED_MODELED_RISK,BASELINE_MODELED_SUSCEPTIBILITY,635105,Kotagiri,Kadinamala,UNLABELED,1313.8,20.8,96.9,67.8,10.57,LOW,10.57,0.0,LOW,1267.0,DEMONSTRATION_SCENARIO_NOT_LIVE_WARNING
moderate,Moderate / Normal Monsoon,0.7,SCENARIO_ADJUSTED_MODELED_RISK,BASELINE_MODELED_SUSCEPTIBILITY,635106,Kotagiri,Kengarai 1,UNLABELED,1298.4,21.2,96.9,67.8,11.81,LOW,11.81,0.0,LOW,1267.0,DEMONSTRATION_SCENARIO_NOT_LIVE_WARNING
moderate,Moderate / Normal Monsoon,0.7,SCENARIO_ADJUSTED_MODELED_RISK,BASELINE_MODELED_SUSCEPTIBILITY,635107,Kotagiri,Konavakorai-I,POSITIVE,1412.6,18.7,96.9,67.8,92.36,HIGH,92.36,0.0,HIGH,1267.0,DEMONSTRATION_SCENARIO_NOT_LIVE_WARNING
moderate,Moderate / Normal Monsoon,0.7,SCENARIO_ADJUSTED_MODELED_RISK,BASELINE_MODELED_SUSCEPTIBILITY,635108,Kotagiri,Naduhatty-1,POSITIVE,1907.8,17.4,121.3,84.9,93.37,HIGH,92.36,-1.01,HIGH,1691.8,DEMONSTRATION_SCENARIO_NOT_LIVE_WARNING
moderate,Moderate / Normal Monsoon,0.7,SCENARIO_ADJUSTED_MODELED_RISK,BASELINE_MODELED_SUSCEPTIBILITY,635109,Kotagiri,Kotagiri -1,POSITIVE,1643.2,15.7,121.3,84.9,93.71,HIGH,92.36,-1.35,HIGH,1691.8,DEMONSTRATION_SCENARIO_NOT_LIVE_WARNING
moderate,Moderate / Normal Monsoon,0.7,SCENARIO_ADJUSTED_MODELED_RISK,BASELINE_MODELED_SUSCEPTIBILITY,635110,Kotagiri,Jackanarai,POSITIVE,1204.5,26.6,188.5,132.0,72.64,HIGH,52.47,-20.17,MEDIUM,1977.6,DEMONSTRATION_SCENARIO_NOT_LIVE_WARNING
moderate,Moderate / Normal Monsoon,0.7,SCENARIO_ADJUSTED_MODELED_RISK,BASELINE_MODELED_SUSCEPTIBILITY,635111,Coonoor,Yedapally,POSITIVE,1756.6,22.1,104.9,73.5,93.4,HIGH,92.36,-1.04,HIGH,1428.7,DEMONSTRATION_SCENARIO_NOT_LIVE_WARNING
moderate,Moderate / Normal Monsoon,0.7,SCENARIO_ADJUSTED_MODELED_RISK,BASELINE_MODELED_SUSCEPTIBILITY,635112,Coonoor,Burliar,POSITIVE,1133.7,29.2,104.9,73.5,72.64,HIGH,16.02,-56.62,LOW,1428.7,DEMONSTRATION_SCENARIO_NOT_LIVE_WARNING
moderate,Moderate / Normal Monsoon,0.7,SCENARIO_ADJUSTED_MODELED_RISK,BASELINE_MODELED_SUSCEPTIBILITY,635113,Coonoor,Coonoor Rural,POSITIVE,1695.9,21.7,121.3,84.9,93.05,HIGH,92.36,-0.69,HIGH,1691.8,DEMONSTRATION_SCENARIO_NOT_LIVE_WARNING
moderate,Moderate / Normal Monsoon,0.7,SCENARIO_ADJUSTED_MODELED_RISK,BASELINE_MODELED_SUSCEPTIBILITY,635114,Coonoor,Melur 1,POSITIVE,1500.8,20.6,104.9,73.5,93.4,HIGH,92.36,-1.04,HIGH,1428.7,DEMONSTRATION_SCENARIO_NOT_LIVE_WARNING
moderate,Moderate / Normal Monsoon,0.7,SCENARIO_ADJUSTED_MODELED_RISK,BASELINE_MODELED_SUSCEPTIBILITY,635117,Kundah,Ithalar 1,POSITIVE,2035.9,16.0,104.9,73.5,93.37,HIGH,92.36,-1.01,HIGH,1428.7,DEMONSTRATION_SCENARIO_NOT_LIVE_WARNING
moderate,Moderate / Normal Monsoon,0.7,SCENARIO_ADJUSTED_MODELED_RISK,BASELINE_MODELED_SUSCEPTIBILITY,635118,Kundah,Mulligoor,POSITIVE,2228.0,17.2,109.6,76.7,93.71,HIGH,92.36,-1.35,HIGH,1711.6,DEMONSTRATION_SCENARIO_NOT_LIVE_WARNING
moderate,Moderate / Normal Monsoon,0.7,SCENARIO_ADJUSTED_MODELED_RISK,BASELINE_MODELED_SUSCEPTIBILITY,635119,Kundah,Balacola-1,POSITIVE,1874.7,18.9,104.9,73.5,93.71,HIGH,92.36,-1.35,HIGH,1428.7,DEMONSTRATION_SCENARIO_NOT_LIVE_WARNING
moderate,Moderate / Normal Monsoon,0.7,SCENARIO_ADJUSTED_MODELED_RISK,BASELINE_MODELED_SUSCEPTIBILITY,635120,Kundah,Mel-Kundah,POSITIVE,1992.0,23.3,109.6,76.7,93.4,HIGH,92.36,-1.04,HIGH,1711.6,DEMONSTRATION_SCENARIO_NOT_LIVE_WARNING
moderate,Moderate / Normal Monsoon,0.7,SCENARIO_ADJUSTED_MODELED_RISK,BASELINE_MODELED_SUSCEPTIBILITY,635121,Kundah,Kinnakorai,POSITIVE,1607.4,27.2,104.9,73.5,93.4,HIGH,92.36,-1.04,HIGH,1428.7,DEMONSTRATION_SCENARIO_NOT_LIVE_WARNING
baseline,Historical Baseline Climatology,1.0,SCENARIO_ADJUSTED_MODELED_RISK,BASELINE_MODELED_SUSCEPTIBILITY,635080,Pandalur,Erumad 1,UNLABELED,877.0,9.4,267.0,267.0,15.25,LOW,15.25,0.0,LOW,2831.2,DEMONSTRATION_SCENARIO_NOT_LIVE_WARNING
baseline,Historical Baseline Climatology,1.0,SCENARIO_ADJUSTED_MODELED_RISK,BASELINE_MODELED_SUSCEPTIBILITY,635081,Pandalur,Moonnad 1,UNLABELED,918.8,11.0,267.0,267.0,15.25,LOW,15.25,0.0,LOW,2831.2,DEMONSTRATION_SCENARIO_NOT_LIVE_WARNING
baseline,Historical Baseline Climatology,1.0,SCENARIO_ADJUSTED_MODELED_RISK,BASELINE_MODELED_SUSCEPTIBILITY,635082,Pandalur,Nelliyalam 1,POSITIVE,1006.6,13.0,116.2,116.2,55.98,MEDIUM,55.98,0.0,MEDIUM,1734.4,DEMONSTRATION_SCENARIO_NOT_LIVE_WARNING
baseline,Historical Baseline Climatology,1.0,SCENARIO_ADJUSTED_MODELED_RISK,BASELINE_MODELED_SUSCEPTIBILITY,635083,Pandalur,Cherangode1,POSITIVE,876.0,13.7,267.0,267.0,71.14,HIGH,71.14,0.0,HIGH,2831.2,DEMONSTRATION_SCENARIO_NOT_LIVE_WARNING
baseline,Historical Baseline Climatology,1.0,SCENARIO_ADJUSTED_MODELED_RISK,BASELINE_MODELED_SUSCEPTIBILITY,635084,Gudalur,Nellakotta,UNLABELED,967.8,10.4,116.2,116.2,8.49,LOW,8.49,0.0,LOW,1734.4,DEMONSTRATION_SCENARIO_NOT_LIVE_WARNING
baseline,Historical Baseline Climatology,1.0,SCENARIO_ADJUSTED_MODELED_RISK,BASELINE_MODELED_SUSCEPTIBILITY,635085,Gudalur,Mudumalai,UNLABELED,970.4,7.2,116.2,116.2,8.49,LOW,8.49,0.0,LOW,1734.4,DEMONSTRATION_SCENARIO_NOT_LIVE_WARNING
baseline,Historical Baseline Climatology,1.0,SCENARIO_ADJUSTED_MODELED_RISK,BASELINE_MODELED_SUSCEPTIBILITY,635086,Gudalur,Sreemadurai,UNLABELED,948.9,9.3,116.2,116.2,8.49,LOW,8.49,0.0,LOW,1734.4,DEMONSTRATION_SCENARIO_NOT_LIVE_WARNING
baseline,Historical Baseline Climatology,1.0,SCENARIO_ADJUSTED_MODELED_RISK,BASELINE_MODELED_SUSCEPTIBILITY,635087,Udhagai,Masinagudi,UNLABELED,958.4,10.3,116.2,116.2,8.49,LOW,8.49,0.0,LOW,1734.4,DEMONSTRATION_SCENARIO_NOT_LIVE_WARNING
baseline,Historical Baseline Climatology,1.0,SCENARIO_ADJUSTED_MODELED_RISK,BASELINE_MODELED_SUSCEPTIBILITY,635088,Udhagai,Kadanad 1,UNLABELED,1008.2,12.4,121.3,121.3,12.62,LOW,12.62,0.0,LOW,1691.8,DEMONSTRATION_SCENARIO_NOT_LIVE_WARNING
baseline,Historical Baseline Climatology,1.0,SCENARIO_ADJUSTED_MODELED_RISK,BASELINE_MODELED_SUSCEPTIBILITY,635089,Udhagai,Ebbanad 1,POSITIVE,1168.1,15.6,121.3,121.3,56.43,MEDIUM,56.43,0.0,MEDIUM,1691.8,DEMONSTRATION_SCENARIO_NOT_LIVE_WARNING
baseline,Historical Baseline Climatology,1.0,SCENARIO_ADJUSTED_MODELED_RISK,BASELINE_MODELED_SUSCEPTIBILITY,635090,Udhagai,Kookal,UNLABELED,1352.4,19.1,121.3,121.3,30.91,MEDIUM,30.91,0.0,MEDIUM,1691.8,DEMONSTRATION_SCENARIO_NOT_LIVE_WARNING
baseline,Historical Baseline Climatology,1.0,SCENARIO_ADJUSTED_MODELED_RISK,BASELINE_MODELED_SUSCEPTIBILITY,635091,Udhagai,Kagguchi 1,POSITIVE,1956.4,15.6,121.3,121.3,93.71,HIGH,93.71,0.0,HIGH,1691.8,DEMONSTRATION_SCENARIO_NOT_LIVE_WARNING
baseline,Historical Baseline Climatology,1.0,SCENARIO_ADJUSTED_MODELED_RISK,BASELINE_MODELED_SUSCEPTIBILITY,635092,Udhagai,Thuneri,POSITIVE,1956.9,16.4,121.3,121.3,93.37,HIGH,93.37,0.0,HIGH,1691.8,DEMONSTRATION_SCENARIO_NOT_LIVE_WARNING
baseline,Historical Baseline Climatology,1.0,SCENARIO_ADJUSTED_MODELED_RISK,BASELINE_MODELED_SUSCEPTIBILITY,635093,Udhagai,Hullathy,POSITIVE,1887.6,16.3,121.3,121.3,93.71,HIGH,93.71,0.0,HIGH,1691.8,DEMONSTRATION_SCENARIO_NOT_LIVE_WARNING
baseline,Historical Baseline Climatology,1.0,SCENARIO_ADJUSTED_MODELED_RISK,BASELINE_MODELED_SUSCEPTIBILITY,635094,Udhagai,Nanjand1,POSITIVE,2206.6,13.8,116.2,116.2,93.71,HIGH,93.71,0.0,HIGH,1734.4,DEMONSTRATION_SCENARIO_NOT_LIVE_WARNING
baseline,Historical Baseline Climatology,1.0,SCENARIO_ADJUSTED_MODELED_RISK,BASELINE_MODELED_SUSCEPTIBILITY,635095,Udhagai,Udhagai - Rural,POSITIVE,2248.8,14.5,121.3,121.3,93.71,HIGH,93.71,0.0,HIGH,1691.8,DEMONSTRATION_SCENARIO_NOT_LIVE_WARNING
baseline,Historical Baseline Climatology,1.0,SCENARIO_ADJUSTED_MODELED_RISK,BASELINE_MODELED_SUSCEPTIBILITY,635096,Udhagai,Thummanatty 1,POSITIVE,2160.8,16.9,121.3,121.3,93.37,HIGH,93.37,0.0,HIGH,1691.8,DEMONSTRATION_SCENARIO_NOT_LIVE_WARNING
baseline,Historical Baseline Climatology,1.0,SCENARIO_ADJUSTED_MODELED_RISK,BASELINE_MODELED_SUSCEPTIBILITY,635097,Kotagiri,Hallimoyar,UNLABELED,685.2,19.0,96.9,96.9,15.34,LOW,15.34,0.0,LOW,1267.0,DEMONSTRATION_SCENARIO_NOT_LIVE_WARNING
baseline,Historical Baseline Climatology,1.0,SCENARIO_ADJUSTED_MODELED_RISK,BASELINE_MODELED_SUSCEPTIBILITY,635098,Kotagiri,Kallampalayam,UNLABELED,311.2,2.8,96.9,96.9,8.1,LOW,8.1,0.0,LOW,1267.0,DEMONSTRATION_SCENARIO_NOT_LIVE_WARNING
baseline,Historical Baseline Climatology,1.0,SCENARIO_ADJUSTED_MODELED_RISK,BASELINE_MODELED_SUSCEPTIBILITY,635099,Kotagiri,Kodanad,POSITIVE,1776.7,19.3,96.9,96.9,92.36,HIGH,92.36,0.0,HIGH,1267.0,DEMONSTRATION_SCENARIO_NOT_LIVE_WARNING
baseline,Historical Baseline Climatology,1.0,SCENARIO_ADJUSTED_MODELED_RISK,BASELINE_MODELED_SUSCEPTIBILITY,635100,Kotagiri,Nedugula-I,POSITIVE,1857.4,16.7,121.3,121.3,93.71,HIGH,93.71,0.0,HIGH,1691.8,DEMONSTRATION_SCENARIO_NOT_LIVE_WARNING
baseline,Historical Baseline Climatology,1.0,SCENARIO_ADJUSTED_MODELED_RISK,BASELINE_MODELED_SUSCEPTIBILITY,635101,Kotagiri,Denad-I,POSITIVE,1757.3,16.5,96.9,96.9,92.36,HIGH,92.36,0.0,HIGH,1267.0,DEMONSTRATION_SCENARIO_NOT_LIVE_WARNING
baseline,Historical Baseline Climatology,1.0,SCENARIO_ADJUSTED_MODELED_RISK,BASELINE_MODELED_SUSCEPTIBILITY,635102,Kotagiri,Nandhipuram,UNLABELED,1309.2,24.8,96.9,96.9,10.57,LOW,10.57,0.0,LOW,1267.0,DEMONSTRATION_SCENARIO_NOT_LIVE_WARNING
baseline,Historical Baseline Climatology,1.0,SCENARIO_ADJUSTED_MODELED_RISK,BASELINE_MODELED_SUSCEPTIBILITY,635103,Kotagiri,Aracode,UNLABELED,1209.4,23.3,96.9,96.9,10.57,LOW,10.57,0.0,LOW,1267.0,DEMONSTRATION_SCENARIO_NOT_LIVE_WARNING
baseline,Historical Baseline Climatology,1.0,SCENARIO_ADJUSTED_MODELED_RISK,BASELINE_MODELED_SUSCEPTIBILITY,635104,Kotagiri,Kokodu,UNLABELED,953.6,18.7,96.9,96.9,13.78,LOW,13.78,0.0,LOW,1267.0,DEMONSTRATION_SCENARIO_NOT_LIVE_WARNING
baseline,Historical Baseline Climatology,1.0,SCENARIO_ADJUSTED_MODELED_RISK,BASELINE_MODELED_SUSCEPTIBILITY,635105,Kotagiri,Kadinamala,UNLABELED,1313.8,20.8,96.9,96.9,10.57,LOW,10.57,0.0,LOW,1267.0,DEMONSTRATION_SCENARIO_NOT_LIVE_WARNING
baseline,Historical Baseline Climatology,1.0,SCENARIO_ADJUSTED_MODELED_RISK,BASELINE_MODELED_SUSCEPTIBILITY,635106,Kotagiri,Kengarai 1,UNLABELED,1298.4,21.2,96.9,96.9,11.81,LOW,11.81,0.0,LOW,1267.0,DEMONSTRATION_SCENARIO_NOT_LIVE_WARNING
baseline,Historical Baseline Climatology,1.0,SCENARIO_ADJUSTED_MODELED_RISK,BASELINE_MODELED_SUSCEPTIBILITY,635107,Kotagiri,Konavakorai-I,POSITIVE,1412.6,18.7,96.9,96.9,92.36,HIGH,92.36,0.0,HIGH,1267.0,DEMONSTRATION_SCENARIO_NOT_LIVE_WARNING
baseline,Historical Baseline Climatology,1.0,SCENARIO_ADJUSTED_MODELED_RISK,BASELINE_MODELED_SUSCEPTIBILITY,635108,Kotagiri,Naduhatty-1,POSITIVE,1907.8,17.4,121.3,121.3,93.37,HIGH,93.37,0.0,HIGH,1691.8,DEMONSTRATION_SCENARIO_NOT_LIVE_WARNING
baseline,Historical Baseline Climatology,1.0,SCENARIO_ADJUSTED_MODELED_RISK,BASELINE_MODELED_SUSCEPTIBILITY,635109,Kotagiri,Kotagiri -1,POSITIVE,1643.2,15.7,121.3,121.3,93.71,HIGH,93.71,0.0,HIGH,1691.8,DEMONSTRATION_SCENARIO_NOT_LIVE_WARNING
baseline,Historical Baseline Climatology,1.0,SCENARIO_ADJUSTED_MODELED_RISK,BASELINE_MODELED_SUSCEPTIBILITY,635110,Kotagiri,Jackanarai,POSITIVE,1204.5,26.6,188.5,188.5,72.64,HIGH,72.64,0.0,HIGH,1977.6,DEMONSTRATION_SCENARIO_NOT_LIVE_WARNING
baseline,Historical Baseline Climatology,1.0,SCENARIO_ADJUSTED_MODELED_RISK,BASELINE_MODELED_SUSCEPTIBILITY,635111,Coonoor,Yedapally,POSITIVE,1756.6,22.1,104.9,104.9,93.4,HIGH,93.4,0.0,HIGH,1428.7,DEMONSTRATION_SCENARIO_NOT_LIVE_WARNING
baseline,Historical Baseline Climatology,1.0,SCENARIO_ADJUSTED_MODELED_RISK,BASELINE_MODELED_SUSCEPTIBILITY,635112,Coonoor,Burliar,POSITIVE,1133.7,29.2,104.9,104.9,72.64,HIGH,72.64,0.0,HIGH,1428.7,DEMONSTRATION_SCENARIO_NOT_LIVE_WARNING
baseline,Historical Baseline Climatology,1.0,SCENARIO_ADJUSTED_MODELED_RISK,BASELINE_MODELED_SUSCEPTIBILITY,635113,Coonoor,Coonoor Rural,POSITIVE,1695.9,21.7,121.3,121.3,93.05,HIGH,93.05,0.0,HIGH,1691.8,DEMONSTRATION_SCENARIO_NOT_LIVE_WARNING
baseline,Historical Baseline Climatology,1.0,SCENARIO_ADJUSTED_MODELED_RISK,BASELINE_MODELED_SUSCEPTIBILITY,635114,Coonoor,Melur 1,POSITIVE,1500.8,20.6,104.9,104.9,93.4,HIGH,93.4,0.0,HIGH,1428.7,DEMONSTRATION_SCENARIO_NOT_LIVE_WARNING
baseline,Historical Baseline Climatology,1.0,SCENARIO_ADJUSTED_MODELED_RISK,BASELINE_MODELED_SUSCEPTIBILITY,635117,Kundah,Ithalar 1,POSITIVE,2035.9,16.0,104.9,104.9,93.37,HIGH,93.37,0.0,HIGH,1428.7,DEMONSTRATION_SCENARIO_NOT_LIVE_WARNING
baseline,Historical Baseline Climatology,1.0,SCENARIO_ADJUSTED_MODELED_RISK,BASELINE_MODELED_SUSCEPTIBILITY,635118,Kundah,Mulligoor,POSITIVE,2228.0,17.2,109.6,109.6,93.71,HIGH,93.71,0.0,HIGH,1711.6,DEMONSTRATION_SCENARIO_NOT_LIVE_WARNING
baseline,Historical Baseline Climatology,1.0,SCENARIO_ADJUSTED_MODELED_RISK,BASELINE_MODELED_SUSCEPTIBILITY,635119,Kundah,Balacola-1,POSITIVE,1874.7,18.9,104.9,104.9,93.71,HIGH,93.71,0.0,HIGH,1428.7,DEMONSTRATION_SCENARIO_NOT_LIVE_WARNING
baseline,Historical Baseline Climatology,1.0,SCENARIO_ADJUSTED_MODELED_RISK,BASELINE_MODELED_SUSCEPTIBILITY,635120,Kundah,Mel-Kundah,POSITIVE,1992.0,23.3,109.6,109.6,93.4,HIGH,93.4,0.0,HIGH,1711.6,DEMONSTRATION_SCENARIO_NOT_LIVE_WARNING
baseline,Historical Baseline Climatology,1.0,SCENARIO_ADJUSTED_MODELED_RISK,BASELINE_MODELED_SUSCEPTIBILITY,635121,Kundah,Kinnakorai,POSITIVE,1607.4,27.2,104.9,104.9,93.4,HIGH,93.4,0.0,HIGH,1428.7,DEMONSTRATION_SCENARIO_NOT_LIVE_WARNING
heavy,Heavy Monsoon Surge,1.5,SCENARIO_ADJUSTED_MODELED_RISK,BASELINE_MODELED_SUSCEPTIBILITY,635080,Pandalur,Erumad 1,UNLABELED,877.0,9.4,267.0,400.5,15.25,LOW,15.25,0.0,LOW,2831.2,DEMONSTRATION_SCENARIO_NOT_LIVE_WARNING
heavy,Heavy Monsoon Surge,1.5,SCENARIO_ADJUSTED_MODELED_RISK,BASELINE_MODELED_SUSCEPTIBILITY,635081,Pandalur,Moonnad 1,UNLABELED,918.8,11.0,267.0,400.5,15.25,LOW,15.25,0.0,LOW,2831.2,DEMONSTRATION_SCENARIO_NOT_LIVE_WARNING
heavy,Heavy Monsoon Surge,1.5,SCENARIO_ADJUSTED_MODELED_RISK,BASELINE_MODELED_SUSCEPTIBILITY,635082,Pandalur,Nelliyalam 1,POSITIVE,1006.6,13.0,116.2,174.2,55.98,MEDIUM,71.14,15.16,HIGH,1734.4,DEMONSTRATION_SCENARIO_NOT_LIVE_WARNING
heavy,Heavy Monsoon Surge,1.5,SCENARIO_ADJUSTED_MODELED_RISK,BASELINE_MODELED_SUSCEPTIBILITY,635083,Pandalur,Cherangode1,POSITIVE,876.0,13.7,267.0,400.5,71.14,HIGH,71.14,0.0,HIGH,2831.2,DEMONSTRATION_SCENARIO_NOT_LIVE_WARNING
heavy,Heavy Monsoon Surge,1.5,SCENARIO_ADJUSTED_MODELED_RISK,BASELINE_MODELED_SUSCEPTIBILITY,635084,Gudalur,Nellakotta,UNLABELED,967.8,10.4,116.2,174.2,8.49,LOW,15.25,6.76,LOW,1734.4,DEMONSTRATION_SCENARIO_NOT_LIVE_WARNING
heavy,Heavy Monsoon Surge,1.5,SCENARIO_ADJUSTED_MODELED_RISK,BASELINE_MODELED_SUSCEPTIBILITY,635085,Gudalur,Mudumalai,UNLABELED,970.4,7.2,116.2,174.2,8.49,LOW,15.25,6.76,LOW,1734.4,DEMONSTRATION_SCENARIO_NOT_LIVE_WARNING
heavy,Heavy Monsoon Surge,1.5,SCENARIO_ADJUSTED_MODELED_RISK,BASELINE_MODELED_SUSCEPTIBILITY,635086,Gudalur,Sreemadurai,UNLABELED,948.9,9.3,116.2,174.2,8.49,LOW,15.25,6.76,LOW,1734.4,DEMONSTRATION_SCENARIO_NOT_LIVE_WARNING
heavy,Heavy Monsoon Surge,1.5,SCENARIO_ADJUSTED_MODELED_RISK,BASELINE_MODELED_SUSCEPTIBILITY,635087,Udhagai,Masinagudi,UNLABELED,958.4,10.3,116.2,174.2,8.49,LOW,15.25,6.76,LOW,1734.4,DEMONSTRATION_SCENARIO_NOT_LIVE_WARNING
heavy,Heavy Monsoon Surge,1.5,SCENARIO_ADJUSTED_MODELED_RISK,BASELINE_MODELED_SUSCEPTIBILITY,635088,Udhagai,Kadanad 1,UNLABELED,1008.2,12.4,121.3,181.9,12.62,LOW,13.2,0.58,LOW,1691.8,DEMONSTRATION_SCENARIO_NOT_LIVE_WARNING
heavy,Heavy Monsoon Surge,1.5,SCENARIO_ADJUSTED_MODELED_RISK,BASELINE_MODELED_SUSCEPTIBILITY,635089,Udhagai,Ebbanad 1,POSITIVE,1168.1,15.6,121.3,181.9,56.43,MEDIUM,57.69,1.26,MEDIUM,1691.8,DEMONSTRATION_SCENARIO_NOT_LIVE_WARNING
heavy,Heavy Monsoon Surge,1.5,SCENARIO_ADJUSTED_MODELED_RISK,BASELINE_MODELED_SUSCEPTIBILITY,635090,Udhagai,Kookal,UNLABELED,1352.4,19.1,121.3,181.9,30.91,MEDIUM,32.03,1.12,MEDIUM,1691.8,DEMONSTRATION_SCENARIO_NOT_LIVE_WARNING
heavy,Heavy Monsoon Surge,1.5,SCENARIO_ADJUSTED_MODELED_RISK,BASELINE_MODELED_SUSCEPTIBILITY,635091,Udhagai,Kagguchi 1,POSITIVE,1956.4,15.6,121.3,181.9,93.71,HIGH,93.71,0.0,HIGH,1691.8,DEMONSTRATION_SCENARIO_NOT_LIVE_WARNING
heavy,Heavy Monsoon Surge,1.5,SCENARIO_ADJUSTED_MODELED_RISK,BASELINE_MODELED_SUSCEPTIBILITY,635092,Udhagai,Thuneri,POSITIVE,1956.9,16.4,121.3,181.9,93.37,HIGH,93.37,0.0,HIGH,1691.8,DEMONSTRATION_SCENARIO_NOT_LIVE_WARNING
heavy,Heavy Monsoon Surge,1.5,SCENARIO_ADJUSTED_MODELED_RISK,BASELINE_MODELED_SUSCEPTIBILITY,635093,Udhagai,Hullathy,POSITIVE,1887.6,16.3,121.3,181.9,93.71,HIGH,93.71,0.0,HIGH,1691.8,DEMONSTRATION_SCENARIO_NOT_LIVE_WARNING
heavy,Heavy Monsoon Surge,1.5,SCENARIO_ADJUSTED_MODELED_RISK,BASELINE_MODELED_SUSCEPTIBILITY,635094,Udhagai,Nanjand1,POSITIVE,2206.6,13.8,116.2,174.2,93.71,HIGH,93.71,0.0,HIGH,1734.4,DEMONSTRATION_SCENARIO_NOT_LIVE_WARNING
heavy,Heavy Monsoon Surge,1.5,SCENARIO_ADJUSTED_MODELED_RISK,BASELINE_MODELED_SUSCEPTIBILITY,635095,Udhagai,Udhagai - Rural,POSITIVE,2248.8,14.5,121.3,181.9,93.71,HIGH,93.71,0.0,HIGH,1691.8,DEMONSTRATION_SCENARIO_NOT_LIVE_WARNING
heavy,Heavy Monsoon Surge,1.5,SCENARIO_ADJUSTED_MODELED_RISK,BASELINE_MODELED_SUSCEPTIBILITY,635096,Udhagai,Thummanatty 1,POSITIVE,2160.8,16.9,121.3,181.9,93.37,HIGH,93.37,0.0,HIGH,1691.8,DEMONSTRATION_SCENARIO_NOT_LIVE_WARNING
heavy,Heavy Monsoon Surge,1.5,SCENARIO_ADJUSTED_MODELED_RISK,BASELINE_MODELED_SUSCEPTIBILITY,635097,Kotagiri,Hallimoyar,UNLABELED,685.2,19.0,96.9,145.4,15.34,LOW,51.07,35.73,MEDIUM,1267.0,DEMONSTRATION_SCENARIO_NOT_LIVE_WARNING
heavy,Heavy Monsoon Surge,1.5,SCENARIO_ADJUSTED_MODELED_RISK,BASELINE_MODELED_SUSCEPTIBILITY,635098,Kotagiri,Kallampalayam,UNLABELED,311.2,2.8,96.9,145.4,8.1,LOW,8.49,0.39,LOW,1267.0,DEMONSTRATION_SCENARIO_NOT_LIVE_WARNING
heavy,Heavy Monsoon Surge,1.5,SCENARIO_ADJUSTED_MODELED_RISK,BASELINE_MODELED_SUSCEPTIBILITY,635099,Kotagiri,Kodanad,POSITIVE,1776.7,19.3,96.9,145.4,92.36,HIGH,93.4,1.04,HIGH,1267.0,DEMONSTRATION_SCENARIO_NOT_LIVE_WARNING
heavy,Heavy Monsoon Surge,1.5,SCENARIO_ADJUSTED_MODELED_RISK,BASELINE_MODELED_SUSCEPTIBILITY,635100,Kotagiri,Nedugula-I,POSITIVE,1857.4,16.7,121.3,181.9,93.71,HIGH,93.71,0.0,HIGH,1691.8,DEMONSTRATION_SCENARIO_NOT_LIVE_WARNING
heavy,Heavy Monsoon Surge,1.5,SCENARIO_ADJUSTED_MODELED_RISK,BASELINE_MODELED_SUSCEPTIBILITY,635101,Kotagiri,Denad-I,POSITIVE,1757.3,16.5,96.9,145.4,92.36,HIGH,93.71,1.35,HIGH,1267.0,DEMONSTRATION_SCENARIO_NOT_LIVE_WARNING
heavy,Heavy Monsoon Surge,1.5,SCENARIO_ADJUSTED_MODELED_RISK,BASELINE_MODELED_SUSCEPTIBILITY,635102,Kotagiri,Nandhipuram,UNLABELED,1309.2,24.8,96.9,145.4,10.57,LOW,41.87,31.3,MEDIUM,1267.0,DEMONSTRATION_SCENARIO_NOT_LIVE_WARNING
heavy,Heavy Monsoon Surge,1.5,SCENARIO_ADJUSTED_MODELED_RISK,BASELINE_MODELED_SUSCEPTIBILITY,635103,Kotagiri,Aracode,UNLABELED,1209.4,23.3,96.9,145.4,10.57,LOW,41.87,31.3,MEDIUM,1267.0,DEMONSTRATION_SCENARIO_NOT_LIVE_WARNING
heavy,Heavy Monsoon Surge,1.5,SCENARIO_ADJUSTED_MODELED_RISK,BASELINE_MODELED_SUSCEPTIBILITY,635104,Kotagiri,Kokodu,UNLABELED,953.6,18.7,96.9,145.4,13.78,LOW,50.61,36.83,MEDIUM,1267.0,DEMONSTRATION_SCENARIO_NOT_LIVE_WARNING
heavy,Heavy Monsoon Surge,1.5,SCENARIO_ADJUSTED_MODELED_RISK,BASELINE_MODELED_SUSCEPTIBILITY,635105,Kotagiri,Kadinamala,UNLABELED,1313.8,20.8,96.9,145.4,10.57,LOW,41.87,31.3,MEDIUM,1267.0,DEMONSTRATION_SCENARIO_NOT_LIVE_WARNING
heavy,Heavy Monsoon Surge,1.5,SCENARIO_ADJUSTED_MODELED_RISK,BASELINE_MODELED_SUSCEPTIBILITY,635106,Kotagiri,Kengarai 1,UNLABELED,1298.4,21.2,96.9,145.4,11.81,LOW,44.95,33.14,MEDIUM,1267.0,DEMONSTRATION_SCENARIO_NOT_LIVE_WARNING
heavy,Heavy Monsoon Surge,1.5,SCENARIO_ADJUSTED_MODELED_RISK,BASELINE_MODELED_SUSCEPTIBILITY,635107,Kotagiri,Konavakorai-I,POSITIVE,1412.6,18.7,96.9,145.4,92.36,HIGH,93.37,1.01,HIGH,1267.0,DEMONSTRATION_SCENARIO_NOT_LIVE_WARNING
heavy,Heavy Monsoon Surge,1.5,SCENARIO_ADJUSTED_MODELED_RISK,BASELINE_MODELED_SUSCEPTIBILITY,635108,Kotagiri,Naduhatty-1,POSITIVE,1907.8,17.4,121.3,181.9,93.37,HIGH,93.37,0.0,HIGH,1691.8,DEMONSTRATION_SCENARIO_NOT_LIVE_WARNING
heavy,Heavy Monsoon Surge,1.5,SCENARIO_ADJUSTED_MODELED_RISK,BASELINE_MODELED_SUSCEPTIBILITY,635109,Kotagiri,Kotagiri -1,POSITIVE,1643.2,15.7,121.3,181.9,93.71,HIGH,93.71,0.0,HIGH,1691.8,DEMONSTRATION_SCENARIO_NOT_LIVE_WARNING
heavy,Heavy Monsoon Surge,1.5,SCENARIO_ADJUSTED_MODELED_RISK,BASELINE_MODELED_SUSCEPTIBILITY,635110,Kotagiri,Jackanarai,POSITIVE,1204.5,26.6,188.5,282.8,72.64,HIGH,72.64,0.0,HIGH,1977.6,DEMONSTRATION_SCENARIO_NOT_LIVE_WARNING
heavy,Heavy Monsoon Surge,1.5,SCENARIO_ADJUSTED_MODELED_RISK,BASELINE_MODELED_SUSCEPTIBILITY,635111,Coonoor,Yedapally,POSITIVE,1756.6,22.1,104.9,157.4,93.4,HIGH,93.4,0.0,HIGH,1428.7,DEMONSTRATION_SCENARIO_NOT_LIVE_WARNING
heavy,Heavy Monsoon Surge,1.5,SCENARIO_ADJUSTED_MODELED_RISK,BASELINE_MODELED_SUSCEPTIBILITY,635112,Coonoor,Burliar,POSITIVE,1133.7,29.2,104.9,157.4,72.64,HIGH,72.64,0.0,HIGH,1428.7,DEMONSTRATION_SCENARIO_NOT_LIVE_WARNING
heavy,Heavy Monsoon Surge,1.5,SCENARIO_ADJUSTED_MODELED_RISK,BASELINE_MODELED_SUSCEPTIBILITY,635113,Coonoor,Coonoor Rural,POSITIVE,1695.9,21.7,121.3,181.9,93.05,HIGH,93.05,0.0,HIGH,1691.8,DEMONSTRATION_SCENARIO_NOT_LIVE_WARNING
heavy,Heavy Monsoon Surge,1.5,SCENARIO_ADJUSTED_MODELED_RISK,BASELINE_MODELED_SUSCEPTIBILITY,635114,Coonoor,Melur 1,POSITIVE,1500.8,20.6,104.9,157.4,93.4,HIGH,93.4,0.0,HIGH,1428.7,DEMONSTRATION_SCENARIO_NOT_LIVE_WARNING
heavy,Heavy Monsoon Surge,1.5,SCENARIO_ADJUSTED_MODELED_RISK,BASELINE_MODELED_SUSCEPTIBILITY,635117,Kundah,Ithalar 1,POSITIVE,2035.9,16.0,104.9,157.4,93.37,HIGH,93.37,0.0,HIGH,1428.7,DEMONSTRATION_SCENARIO_NOT_LIVE_WARNING
heavy,Heavy Monsoon Surge,1.5,SCENARIO_ADJUSTED_MODELED_RISK,BASELINE_MODELED_SUSCEPTIBILITY,635118,Kundah,Mulligoor,POSITIVE,2228.0,17.2,109.6,164.4,93.71,HIGH,93.71,0.0,HIGH,1711.6,DEMONSTRATION_SCENARIO_NOT_LIVE_WARNING
heavy,Heavy Monsoon Surge,1.5,SCENARIO_ADJUSTED_MODELED_RISK,BASELINE_MODELED_SUSCEPTIBILITY,635119,Kundah,Balacola-1,POSITIVE,1874.7,18.9,104.9,157.4,93.71,HIGH,93.71,0.0,HIGH,1428.7,DEMONSTRATION_SCENARIO_NOT_LIVE_WARNING
heavy,Heavy Monsoon Surge,1.5,SCENARIO_ADJUSTED_MODELED_RISK,BASELINE_MODELED_SUSCEPTIBILITY,635120,Kundah,Mel-Kundah,POSITIVE,1992.0,23.3,109.6,164.4,93.4,HIGH,93.4,0.0,HIGH,1711.6,DEMONSTRATION_SCENARIO_NOT_LIVE_WARNING
heavy,Heavy Monsoon Surge,1.5,SCENARIO_ADJUSTED_MODELED_RISK,BASELINE_MODELED_SUSCEPTIBILITY,635121,Kundah,Kinnakorai,POSITIVE,1607.4,27.2,104.9,157.4,93.4,HIGH,93.4,0.0,HIGH,1428.7,DEMONSTRATION_SCENARIO_NOT_LIVE_WARNING
extreme,Extreme Cloudburst (2019 Disaster Equivalent),2.2,SCENARIO_ADJUSTED_MODELED_RISK,BASELINE_MODELED_SUSCEPTIBILITY,635080,Pandalur,Erumad 1,UNLABELED,877.0,9.4,267.0,587.4,15.25,LOW,15.25,0.0,LOW,2831.2,DEMONSTRATION_SCENARIO_NOT_LIVE_WARNING
extreme,Extreme Cloudburst (2019 Disaster Equivalent),2.2,SCENARIO_ADJUSTED_MODELED_RISK,BASELINE_MODELED_SUSCEPTIBILITY,635081,Pandalur,Moonnad 1,UNLABELED,918.8,11.0,267.0,587.4,15.25,LOW,15.25,0.0,LOW,2831.2,DEMONSTRATION_SCENARIO_NOT_LIVE_WARNING
extreme,Extreme Cloudburst (2019 Disaster Equivalent),2.2,SCENARIO_ADJUSTED_MODELED_RISK,BASELINE_MODELED_SUSCEPTIBILITY,635082,Pandalur,Nelliyalam 1,POSITIVE,1006.6,13.0,116.2,255.5,55.98,MEDIUM,71.14,15.16,HIGH,1734.4,DEMONSTRATION_SCENARIO_NOT_LIVE_WARNING
extreme,Extreme Cloudburst (2019 Disaster Equivalent),2.2,SCENARIO_ADJUSTED_MODELED_RISK,BASELINE_MODELED_SUSCEPTIBILITY,635083,Pandalur,Cherangode1,POSITIVE,876.0,13.7,267.0,587.4,71.14,HIGH,71.14,0.0,HIGH,2831.2,DEMONSTRATION_SCENARIO_NOT_LIVE_WARNING
extreme,Extreme Cloudburst (2019 Disaster Equivalent),2.2,SCENARIO_ADJUSTED_MODELED_RISK,BASELINE_MODELED_SUSCEPTIBILITY,635084,Gudalur,Nellakotta,UNLABELED,967.8,10.4,116.2,255.5,8.49,LOW,15.25,6.76,LOW,1734.4,DEMONSTRATION_SCENARIO_NOT_LIVE_WARNING
extreme,Extreme Cloudburst (2019 Disaster Equivalent),2.2,SCENARIO_ADJUSTED_MODELED_RISK,BASELINE_MODELED_SUSCEPTIBILITY,635085,Gudalur,Mudumalai,UNLABELED,970.4,7.2,116.2,255.5,8.49,LOW,15.25,6.76,LOW,1734.4,DEMONSTRATION_SCENARIO_NOT_LIVE_WARNING
extreme,Extreme Cloudburst (2019 Disaster Equivalent),2.2,SCENARIO_ADJUSTED_MODELED_RISK,BASELINE_MODELED_SUSCEPTIBILITY,635086,Gudalur,Sreemadurai,UNLABELED,948.9,9.3,116.2,255.5,8.49,LOW,15.25,6.76,LOW,1734.4,DEMONSTRATION_SCENARIO_NOT_LIVE_WARNING
extreme,Extreme Cloudburst (2019 Disaster Equivalent),2.2,SCENARIO_ADJUSTED_MODELED_RISK,BASELINE_MODELED_SUSCEPTIBILITY,635087,Udhagai,Masinagudi,UNLABELED,958.4,10.3,116.2,255.5,8.49,LOW,15.25,6.76,LOW,1734.4,DEMONSTRATION_SCENARIO_NOT_LIVE_WARNING
extreme,Extreme Cloudburst (2019 Disaster Equivalent),2.2,SCENARIO_ADJUSTED_MODELED_RISK,BASELINE_MODELED_SUSCEPTIBILITY,635088,Udhagai,Kadanad 1,UNLABELED,1008.2,12.4,121.3,266.8,12.62,LOW,22.77,10.15,LOW,1691.8,DEMONSTRATION_SCENARIO_NOT_LIVE_WARNING
extreme,Extreme Cloudburst (2019 Disaster Equivalent),2.2,SCENARIO_ADJUSTED_MODELED_RISK,BASELINE_MODELED_SUSCEPTIBILITY,635089,Udhagai,Ebbanad 1,POSITIVE,1168.1,15.6,121.3,266.8,56.43,MEDIUM,72.54,16.11,HIGH,1691.8,DEMONSTRATION_SCENARIO_NOT_LIVE_WARNING
extreme,Extreme Cloudburst (2019 Disaster Equivalent),2.2,SCENARIO_ADJUSTED_MODELED_RISK,BASELINE_MODELED_SUSCEPTIBILITY,635090,Udhagai,Kookal,UNLABELED,1352.4,19.1,121.3,266.8,30.91,MEDIUM,53.12,22.21,MEDIUM,1691.8,DEMONSTRATION_SCENARIO_NOT_LIVE_WARNING
extreme,Extreme Cloudburst (2019 Disaster Equivalent),2.2,SCENARIO_ADJUSTED_MODELED_RISK,BASELINE_MODELED_SUSCEPTIBILITY,635091,Udhagai,Kagguchi 1,POSITIVE,1956.4,15.6,121.3,266.8,93.71,HIGH,93.71,0.0,HIGH,1691.8,DEMONSTRATION_SCENARIO_NOT_LIVE_WARNING
extreme,Extreme Cloudburst (2019 Disaster Equivalent),2.2,SCENARIO_ADJUSTED_MODELED_RISK,BASELINE_MODELED_SUSCEPTIBILITY,635092,Udhagai,Thuneri,POSITIVE,1956.9,16.4,121.3,266.8,93.37,HIGH,93.37,0.0,HIGH,1691.8,DEMONSTRATION_SCENARIO_NOT_LIVE_WARNING
extreme,Extreme Cloudburst (2019 Disaster Equivalent),2.2,SCENARIO_ADJUSTED_MODELED_RISK,BASELINE_MODELED_SUSCEPTIBILITY,635093,Udhagai,Hullathy,POSITIVE,1887.6,16.3,121.3,266.8,93.71,HIGH,93.71,0.0,HIGH,1691.8,DEMONSTRATION_SCENARIO_NOT_LIVE_WARNING
extreme,Extreme Cloudburst (2019 Disaster Equivalent),2.2,SCENARIO_ADJUSTED_MODELED_RISK,BASELINE_MODELED_SUSCEPTIBILITY,635094,Udhagai,Nanjand1,POSITIVE,2206.6,13.8,116.2,255.5,93.71,HIGH,93.71,0.0,HIGH,1734.4,DEMONSTRATION_SCENARIO_NOT_LIVE_WARNING
extreme,Extreme Cloudburst (2019 Disaster Equivalent),2.2,SCENARIO_ADJUSTED_MODELED_RISK,BASELINE_MODELED_SUSCEPTIBILITY,635095,Udhagai,Udhagai - Rural,POSITIVE,2248.8,14.5,121.3,266.8,93.71,HIGH,93.71,0.0,HIGH,1691.8,DEMONSTRATION_SCENARIO_NOT_LIVE_WARNING
extreme,Extreme Cloudburst (2019 Disaster Equivalent),2.2,SCENARIO_ADJUSTED_MODELED_RISK,BASELINE_MODELED_SUSCEPTIBILITY,635096,Udhagai,Thummanatty 1,POSITIVE,2160.8,16.9,121.3,266.8,93.37,HIGH,93.37,0.0,HIGH,1691.8,DEMONSTRATION_SCENARIO_NOT_LIVE_WARNING
extreme,Extreme Cloudburst (2019 Disaster Equivalent),2.2,SCENARIO_ADJUSTED_MODELED_RISK,BASELINE_MODELED_SUSCEPTIBILITY,635097,Kotagiri,Hallimoyar,UNLABELED,685.2,19.0,96.9,213.2,15.34,LOW,71.52,56.18,HIGH,1267.0,DEMONSTRATION_SCENARIO_NOT_LIVE_WARNING
extreme,Extreme Cloudburst (2019 Disaster Equivalent),2.2,SCENARIO_ADJUSTED_MODELED_RISK,BASELINE_MODELED_SUSCEPTIBILITY,635098,Kotagiri,Kallampalayam,UNLABELED,311.2,2.8,96.9,213.2,8.1,LOW,15.25,7.15,LOW,1267.0,DEMONSTRATION_SCENARIO_NOT_LIVE_WARNING
extreme,Extreme Cloudburst (2019 Disaster Equivalent),2.2,SCENARIO_ADJUSTED_MODELED_RISK,BASELINE_MODELED_SUSCEPTIBILITY,635099,Kotagiri,Kodanad,POSITIVE,1776.7,19.3,96.9,213.2,92.36,HIGH,93.4,1.04,HIGH,1267.0,DEMONSTRATION_SCENARIO_NOT_LIVE_WARNING
extreme,Extreme Cloudburst (2019 Disaster Equivalent),2.2,SCENARIO_ADJUSTED_MODELED_RISK,BASELINE_MODELED_SUSCEPTIBILITY,635100,Kotagiri,Nedugula-I,POSITIVE,1857.4,16.7,121.3,266.8,93.71,HIGH,93.71,0.0,HIGH,1691.8,DEMONSTRATION_SCENARIO_NOT_LIVE_WARNING
extreme,Extreme Cloudburst (2019 Disaster Equivalent),2.2,SCENARIO_ADJUSTED_MODELED_RISK,BASELINE_MODELED_SUSCEPTIBILITY,635101,Kotagiri,Denad-I,POSITIVE,1757.3,16.5,96.9,213.2,92.36,HIGH,93.71,1.35,HIGH,1267.0,DEMONSTRATION_SCENARIO_NOT_LIVE_WARNING
extreme,Extreme Cloudburst (2019 Disaster Equivalent),2.2,SCENARIO_ADJUSTED_MODELED_RISK,BASELINE_MODELED_SUSCEPTIBILITY,635102,Kotagiri,Nandhipuram,UNLABELED,1309.2,24.8,96.9,213.2,10.57,LOW,63.4,52.83,HIGH,1267.0,DEMONSTRATION_SCENARIO_NOT_LIVE_WARNING
extreme,Extreme Cloudburst (2019 Disaster Equivalent),2.2,SCENARIO_ADJUSTED_MODELED_RISK,BASELINE_MODELED_SUSCEPTIBILITY,635103,Kotagiri,Aracode,UNLABELED,1209.4,23.3,96.9,213.2,10.57,LOW,63.4,52.83,HIGH,1267.0,DEMONSTRATION_SCENARIO_NOT_LIVE_WARNING
extreme,Extreme Cloudburst (2019 Disaster Equivalent),2.2,SCENARIO_ADJUSTED_MODELED_RISK,BASELINE_MODELED_SUSCEPTIBILITY,635104,Kotagiri,Kokodu,UNLABELED,953.6,18.7,96.9,213.2,13.78,LOW,71.14,57.36,HIGH,1267.0,DEMONSTRATION_SCENARIO_NOT_LIVE_WARNING
extreme,Extreme Cloudburst (2019 Disaster Equivalent),2.2,SCENARIO_ADJUSTED_MODELED_RISK,BASELINE_MODELED_SUSCEPTIBILITY,635105,Kotagiri,Kadinamala,UNLABELED,1313.8,20.8,96.9,213.2,10.57,LOW,63.4,52.83,HIGH,1267.0,DEMONSTRATION_SCENARIO_NOT_LIVE_WARNING
extreme,Extreme Cloudburst (2019 Disaster Equivalent),2.2,SCENARIO_ADJUSTED_MODELED_RISK,BASELINE_MODELED_SUSCEPTIBILITY,635106,Kotagiri,Kengarai 1,UNLABELED,1298.4,21.2,96.9,213.2,11.81,LOW,66.26,54.45,HIGH,1267.0,DEMONSTRATION_SCENARIO_NOT_LIVE_WARNING
extreme,Extreme Cloudburst (2019 Disaster Equivalent),2.2,SCENARIO_ADJUSTED_MODELED_RISK,BASELINE_MODELED_SUSCEPTIBILITY,635107,Kotagiri,Konavakorai-I,POSITIVE,1412.6,18.7,96.9,213.2,92.36,HIGH,93.37,1.01,HIGH,1267.0,DEMONSTRATION_SCENARIO_NOT_LIVE_WARNING
extreme,Extreme Cloudburst (2019 Disaster Equivalent),2.2,SCENARIO_ADJUSTED_MODELED_RISK,BASELINE_MODELED_SUSCEPTIBILITY,635108,Kotagiri,Naduhatty-1,POSITIVE,1907.8,17.4,121.3,266.8,93.37,HIGH,93.37,0.0,HIGH,1691.8,DEMONSTRATION_SCENARIO_NOT_LIVE_WARNING
extreme,Extreme Cloudburst (2019 Disaster Equivalent),2.2,SCENARIO_ADJUSTED_MODELED_RISK,BASELINE_MODELED_SUSCEPTIBILITY,635109,Kotagiri,Kotagiri -1,POSITIVE,1643.2,15.7,121.3,266.8,93.71,HIGH,93.71,0.0,HIGH,1691.8,DEMONSTRATION_SCENARIO_NOT_LIVE_WARNING
extreme,Extreme Cloudburst (2019 Disaster Equivalent),2.2,SCENARIO_ADJUSTED_MODELED_RISK,BASELINE_MODELED_SUSCEPTIBILITY,635110,Kotagiri,Jackanarai,POSITIVE,1204.5,26.6,188.5,414.8,72.64,HIGH,72.64,0.0,HIGH,1977.6,DEMONSTRATION_SCENARIO_NOT_LIVE_WARNING
extreme,Extreme Cloudburst (2019 Disaster Equivalent),2.2,SCENARIO_ADJUSTED_MODELED_RISK,BASELINE_MODELED_SUSCEPTIBILITY,635111,Coonoor,Yedapally,POSITIVE,1756.6,22.1,104.9,230.9,93.4,HIGH,93.4,0.0,HIGH,1428.7,DEMONSTRATION_SCENARIO_NOT_LIVE_WARNING
extreme,Extreme Cloudburst (2019 Disaster Equivalent),2.2,SCENARIO_ADJUSTED_MODELED_RISK,BASELINE_MODELED_SUSCEPTIBILITY,635112,Coonoor,Burliar,POSITIVE,1133.7,29.2,104.9,230.9,72.64,HIGH,72.64,0.0,HIGH,1428.7,DEMONSTRATION_SCENARIO_NOT_LIVE_WARNING
extreme,Extreme Cloudburst (2019 Disaster Equivalent),2.2,SCENARIO_ADJUSTED_MODELED_RISK,BASELINE_MODELED_SUSCEPTIBILITY,635113,Coonoor,Coonoor Rural,POSITIVE,1695.9,21.7,121.3,266.8,93.05,HIGH,93.05,0.0,HIGH,1691.8,DEMONSTRATION_SCENARIO_NOT_LIVE_WARNING
extreme,Extreme Cloudburst (2019 Disaster Equivalent),2.2,SCENARIO_ADJUSTED_MODELED_RISK,BASELINE_MODELED_SUSCEPTIBILITY,635114,Coonoor,Melur 1,POSITIVE,1500.8,20.6,104.9,230.9,93.4,HIGH,93.4,0.0,HIGH,1428.7,DEMONSTRATION_SCENARIO_NOT_LIVE_WARNING
extreme,Extreme Cloudburst (2019 Disaster Equivalent),2.2,SCENARIO_ADJUSTED_MODELED_RISK,BASELINE_MODELED_SUSCEPTIBILITY,635117,Kundah,Ithalar 1,POSITIVE,2035.9,16.0,104.9,230.9,93.37,HIGH,93.37,0.0,HIGH,1428.7,DEMONSTRATION_SCENARIO_NOT_LIVE_WARNING
extreme,Extreme Cloudburst (2019 Disaster Equivalent),2.2,SCENARIO_ADJUSTED_MODELED_RISK,BASELINE_MODELED_SUSCEPTIBILITY,635118,Kundah,Mulligoor,POSITIVE,2228.0,17.2,109.6,241.1,93.71,HIGH,93.71,0.0,HIGH,1711.6,DEMONSTRATION_SCENARIO_NOT_LIVE_WARNING
extreme,Extreme Cloudburst (2019 Disaster Equivalent),2.2,SCENARIO_ADJUSTED_MODELED_RISK,BASELINE_MODELED_SUSCEPTIBILITY,635119,Kundah,Balacola-1,POSITIVE,1874.7,18.9,104.9,230.9,93.71,HIGH,93.71,0.0,HIGH,1428.7,DEMONSTRATION_SCENARIO_NOT_LIVE_WARNING
extreme,Extreme Cloudburst (2019 Disaster Equivalent),2.2,SCENARIO_ADJUSTED_MODELED_RISK,BASELINE_MODELED_SUSCEPTIBILITY,635120,Kundah,Mel-Kundah,POSITIVE,1992.0,23.3,109.6,241.1,93.4,HIGH,93.4,0.0,HIGH,1711.6,DEMONSTRATION_SCENARIO_NOT_LIVE_WARNING
extreme,Extreme Cloudburst (2019 Disaster Equivalent),2.2,SCENARIO_ADJUSTED_MODELED_RISK,BASELINE_MODELED_SUSCEPTIBILITY,635121,Kundah,Kinnakorai,POSITIVE,1607.4,27.2,104.9,230.9,93.4,HIGH,93.4,0.0,HIGH,1428.7,DEMONSTRATION_SCENARIO_NOT_LIVE_WARNING
